SubID,subject,correct,total_trials,trial_type,condition,condition_non_rec,probe_type,sub_idx
6576573,1,0,1,2,1,2,-0.5,1
6576573,1,1,1,1,1,2,0.5,1
6576573,1,1,1,2,1,2,0.5,1
6576620,2,0,1,2,1,2,-0.5,2
6576620,2,0,1,1,1,2,0.5,2
6576620,2,1,1,2,1,2,0.5,2
6576601,3,0,1,2,1,2,-0.5,3
6576601,3,0,1,1,1,2,0.5,3
6576601,3,1,1,2,1,2,0.5,3
6577305,4,0,1,2,1,2,-0.5,4
6577305,4,1,1,1,1,2,0.5,4
6577305,4,0,1,2,1,2,0.5,4
6577347,5,1,1,2,1,2,-0.5,5
6577347,5,0,1,1,1,2,0.5,5
6577347,5,0,1,2,1,2,0.5,5
6577318,6,0,1,2,1,2,-0.5,6
6577318,6,1,1,1,1,2,0.5,6
6577318,6,1,1,2,1,2,0.5,6
6577341,7,1,1,2,1,2,-0.5,7
6577341,7,1,1,1,1,2,0.5,7
6577341,7,0,1,2,1,2,0.5,7
6577931,8,1,1,2,1,2,-0.5,8
6577931,8,0,1,1,1,2,0.5,8
6577931,8,0,1,2,1,2,0.5,8
6581413,9,0,1,2,1,2,-0.5,9
6581413,9,1,1,1,1,2,0.5,9
6581413,9,0,1,2,1,2,0.5,9
6581458,10,1,1,2,1,2,-0.5,10
6581458,10,0,1,1,1,2,0.5,10
6581458,10,0,1,2,1,2,0.5,10
6581420,11,1,1,2,1,2,-0.5,11
6581420,11,0,1,1,1,2,0.5,11
6581420,11,1,1,2,1,2,0.5,11
6581460,12,0,1,2,1,2,-0.5,12
6581460,12,1,1,1,1,2,0.5,12
6581460,12,1,1,2,1,2,0.5,12
6582994,13,0,1,2,1,2,-0.5,13
6582994,13,0,1,1,1,2,0.5,13
6582994,13,0,1,2,1,2,0.5,13
6583086,14,1,1,2,1,2,-0.5,14
6583086,14,0,1,1,1,2,0.5,14
6583086,14,0,1,2,1,2,0.5,14
6583665,15,0,1,2,1,2,-0.5,15
6583665,15,1,1,1,1,2,0.5,15
6583665,15,1,1,2,1,2,0.5,15
6584793,16,1,1,2,1,2,-0.5,16
6584793,16,0,1,1,1,2,0.5,16
6584793,16,1,1,2,1,2,0.5,16
6576572,17,0,1,2,-1,1,-0.5,17
6576572,17,1,1,1,-1,1,0.5,17
6576572,17,1,1,2,-1,1,0.5,17
6576602,18,0,1,2,-1,1,-0.5,18
6576602,18,1,1,1,-1,1,0.5,18
6576602,18,1,1,2,-1,1,0.5,18
6576557,19,1,1,2,-1,1,-0.5,19
6576557,19,0,1,1,-1,1,0.5,19
6576557,19,1,1,2,-1,1,0.5,19
6577303,20,0,1,2,-1,1,-0.5,20
6577303,20,0,1,1,-1,1,0.5,20
6577303,20,1,1,2,-1,1,0.5,20
6577336,21,0,1,2,-1,1,-0.5,21
6577336,21,1,1,1,-1,1,0.5,21
6577336,21,1,1,2,-1,1,0.5,21
6577321,22,1,1,2,-1,1,-0.5,22
6577321,22,0,1,1,-1,1,0.5,22
6577321,22,1,1,2,-1,1,0.5,22
6577408,23,1,1,2,-1,1,-0.5,23
6577408,23,1,1,1,-1,1,0.5,23
6577408,23,1,1,2,-1,1,0.5,23
6577794,24,1,1,2,-1,1,-0.5,24
6577794,24,1,1,1,-1,1,0.5,24
6577794,24,0,1,2,-1,1,0.5,24
6581415,25,1,1,2,-1,1,-0.5,25
6581415,25,1,1,1,-1,1,0.5,25
6581415,25,0,1,2,-1,1,0.5,25
6581480,26,0,1,2,-1,1,-0.5,26
6581480,26,0,1,1,-1,1,0.5,26
6581480,26,1,1,2,-1,1,0.5,26
6581581,27,1,1,2,-1,1,-0.5,27
6581581,27,1,1,1,-1,1,0.5,27
6581581,27,1,1,2,-1,1,0.5,27
6581771,28,1,1,2,-1,1,-0.5,28
6581771,28,0,1,1,-1,1,0.5,28
6581771,28,1,1,2,-1,1,0.5,28
6583102,29,0,1,2,-1,1,-0.5,29
6583102,29,0,1,1,-1,1,0.5,29
6583102,29,1,1,2,-1,1,0.5,29
6583000,30,0,1,2,-1,1,-0.5,30
6583000,30,1,1,1,-1,1,0.5,30
6583000,30,0,1,2,-1,1,0.5,30
6583211,31,1,1,2,-1,1,-0.5,31
6583211,31,1,1,1,-1,1,0.5,31
6583211,31,1,1,2,-1,1,0.5,31
6576547,32,1,1,2,1,2,-0.5,32
6576547,32,0,1,1,1,2,0.5,32
6576547,32,1,1,2,1,2,0.5,32
6576624,33,1,1,2,1,2,-0.5,33
6576624,33,1,1,1,1,2,0.5,33
6576624,33,1,1,2,1,2,0.5,33
6576647,34,1,1,2,1,2,-0.5,34
6576647,34,1,1,1,1,2,0.5,34
6576647,34,1,1,2,1,2,0.5,34
6577311,35,0,1,2,1,2,-0.5,35
6577311,35,1,1,1,1,2,0.5,35
6577311,35,1,1,2,1,2,0.5,35
6577325,36,1,1,2,1,2,-0.5,36
6577325,36,0,1,1,1,2,0.5,36
6577325,36,0,1,2,1,2,0.5,36
6577374,37,1,1,2,1,2,-0.5,37
6577374,37,1,1,1,1,2,0.5,37
6577374,37,1,1,2,1,2,0.5,37
6577493,38,1,1,2,1,2,-0.5,38
6577493,38,1,1,1,1,2,0.5,38
6577493,38,0,1,2,1,2,0.5,38
6578172,39,1,1,2,1,2,-0.5,39
6578172,39,1,1,1,1,2,0.5,39
6578172,39,0,1,2,1,2,0.5,39
6581457,40,0,1,2,1,2,-0.5,40
6581457,40,0,1,1,1,2,0.5,40
6581457,40,0,1,2,1,2,0.5,40
6581473,41,1,1,2,1,2,-0.5,41
6581473,41,1,1,1,1,2,0.5,41
6581473,41,0,1,2,1,2,0.5,41
6581482,42,1,1,2,1,2,-0.5,42
6581482,42,1,1,1,1,2,0.5,42
6581482,42,0,1,2,1,2,0.5,42
6583001,43,1,1,2,1,2,-0.5,43
6583001,43,1,1,1,1,2,0.5,43
6583001,43,1,1,2,1,2,0.5,43
6582995,44,1,1,2,1,2,-0.5,44
6582995,44,1,1,1,1,2,0.5,44
6582995,44,1,1,2,1,2,0.5,44
6583070,45,1,1,2,1,2,-0.5,45
6583070,45,0,1,1,1,2,0.5,45
6583070,45,1,1,2,1,2,0.5,45
6583714,46,1,1,2,1,2,-0.5,46
6583714,46,0,1,1,1,2,0.5,46
6583714,46,0,1,2,1,2,0.5,46
6583839,47,1,1,2,1,2,-0.5,47
6583839,47,1,1,1,1,2,0.5,47
6583839,47,1,1,2,1,2,0.5,47
6576577,48,1,1,2,1,2,-0.5,48
6576577,48,1,1,1,1,2,0.5,48
6576577,48,0,1,2,1,2,0.5,48
6576671,49,1,1,2,1,2,-0.5,49
6576671,49,0,1,1,1,2,0.5,49
6576671,49,0,1,2,1,2,0.5,49
6576614,50,1,1,2,1,2,-0.5,50
6576614,50,0,1,1,1,2,0.5,50
6576614,50,1,1,2,1,2,0.5,50
6577313,51,1,1,2,1,2,-0.5,51
6577313,51,0,1,1,1,2,0.5,51
6577313,51,0,1,2,1,2,0.5,51
6577307,52,1,1,2,1,2,-0.5,52
6577307,52,0,1,1,1,2,0.5,52
6577307,52,1,1,2,1,2,0.5,52
6577350,53,1,1,2,1,2,-0.5,53
6577350,53,1,1,1,1,2,0.5,53
6577350,53,1,1,2,1,2,0.5,53
6577363,54,0,1,2,1,2,-0.5,54
6577363,54,1,1,1,1,2,0.5,54
6577363,54,1,1,2,1,2,0.5,54
6577883,55,1,1,2,1,2,-0.5,55
6577883,55,1,1,1,1,2,0.5,55
6577883,55,1,1,2,1,2,0.5,55
6581471,56,1,1,2,1,2,-0.5,56
6581471,56,1,1,1,1,2,0.5,56
6581471,56,1,1,2,1,2,0.5,56
6581416,57,0,1,2,1,2,-0.5,57
6581416,57,0,1,1,1,2,0.5,57
6581416,57,0,1,2,1,2,0.5,57
6581441,58,1,1,2,1,2,-0.5,58
6581441,58,1,1,1,1,2,0.5,58
6581441,58,0,1,2,1,2,0.5,58
6583063,59,1,1,2,1,2,-0.5,59
6583063,59,1,1,1,1,2,0.5,59
6583063,59,0,1,2,1,2,0.5,59
6583120,60,1,1,2,1,2,-0.5,60
6583120,60,1,1,1,1,2,0.5,60
6583120,60,1,1,2,1,2,0.5,60
6583099,61,1,1,2,1,2,-0.5,61
6583099,61,0,1,1,1,2,0.5,61
6583099,61,0,1,2,1,2,0.5,61
6583198,62,1,1,2,1,2,-0.5,62
6583198,62,0,1,1,1,2,0.5,62
6583198,62,0,1,2,1,2,0.5,62
6576593,63,1,1,2,-1,1,-0.5,63
6576593,63,1,1,1,-1,1,0.5,63
6576593,63,0,1,2,-1,1,0.5,63
6576627,64,1,1,2,-1,1,-0.5,64
6576627,64,1,1,1,-1,1,0.5,64
6576627,64,1,1,2,-1,1,0.5,64
6576713,65,0,1,2,-1,1,-0.5,65
6576713,65,1,1,1,-1,1,0.5,65
6576713,65,1,1,2,-1,1,0.5,65
6577329,66,1,1,2,-1,1,-0.5,66
6577329,66,1,1,1,-1,1,0.5,66
6577329,66,1,1,2,-1,1,0.5,66
6577309,67,1,1,2,-1,1,-0.5,67
6577309,67,1,1,1,-1,1,0.5,67
6577309,67,0,1,2,-1,1,0.5,67
6577391,68,0,1,2,-1,1,-0.5,68
6577391,68,1,1,1,-1,1,0.5,68
6577391,68,0,1,2,-1,1,0.5,68
6577369,69,0,1,2,-1,1,-0.5,69
6577369,69,0,1,1,-1,1,0.5,69
6577369,69,0,1,2,-1,1,0.5,69
6577895,70,1,1,2,-1,1,-0.5,70
6577895,70,1,1,1,-1,1,0.5,70
6577895,70,0,1,2,-1,1,0.5,70
6581421,71,1,1,2,-1,1,-0.5,71
6581421,71,1,1,1,-1,1,0.5,71
6581421,71,1,1,2,-1,1,0.5,71
6581462,72,1,1,2,-1,1,-0.5,72
6581462,72,1,1,1,-1,1,0.5,72
6581462,72,0,1,2,-1,1,0.5,72
6581463,73,1,1,2,-1,1,-0.5,73
6581463,73,1,1,1,-1,1,0.5,73
6581463,73,1,1,2,-1,1,0.5,73
6581651,74,0,1,2,-1,1,-0.5,74
6581651,74,0,1,1,-1,1,0.5,74
6581651,74,1,1,2,-1,1,0.5,74
6583074,75,1,1,2,-1,1,-0.5,75
6583074,75,0,1,1,-1,1,0.5,75
6583074,75,1,1,2,-1,1,0.5,75
6582974,76,1,1,2,-1,1,-0.5,76
6582974,76,1,1,1,-1,1,0.5,76
6582974,76,0,1,2,-1,1,0.5,76
6583057,77,1,1,2,-1,1,-0.5,77
6583057,77,0,1,1,-1,1,0.5,77
6583057,77,1,1,2,-1,1,0.5,77
6576586,78,1,1,2,1,2,-0.5,78
6576586,78,0,1,1,1,2,0.5,78
6576586,78,0,1,2,1,2,0.5,78
6576561,79,1,1,2,1,2,-0.5,79
6576561,79,1,1,1,1,2,0.5,79
6576561,79,0,1,2,1,2,0.5,79
6576605,80,1,1,2,1,2,-0.5,80
6576605,80,0,1,1,1,2,0.5,80
6576605,80,0,1,2,1,2,0.5,80
6577317,81,1,1,2,1,2,-0.5,81
6577317,81,0,1,1,1,2,0.5,81
6577317,81,0,1,2,1,2,0.5,81
6577312,82,1,1,2,1,2,-0.5,82
6577312,82,0,1,1,1,2,0.5,82
6577312,82,1,1,2,1,2,0.5,82
6577360,83,1,1,2,1,2,-0.5,83
6577360,83,1,1,1,1,2,0.5,83
6577360,83,0,1,2,1,2,0.5,83
6577344,84,1,1,2,1,2,-0.5,84
6577344,84,0,1,1,1,2,0.5,84
6577344,84,0,1,2,1,2,0.5,84
6581425,86,1,1,2,1,2,-0.5,85
6581425,86,0,1,1,1,2,0.5,85
6581425,86,1,1,2,1,2,0.5,85
6581451,87,1,1,2,1,2,-0.5,86
6581451,87,0,1,1,1,2,0.5,86
6581451,87,0,1,2,1,2,0.5,86
6581516,88,1,1,2,1,2,-0.5,87
6581516,88,0,1,1,1,2,0.5,87
6581516,88,1,1,2,1,2,0.5,87
6581464,89,1,1,2,1,2,-0.5,88
6581464,89,0,1,1,1,2,0.5,88
6581464,89,1,1,2,1,2,0.5,88
6582981,90,0,1,2,1,2,-0.5,89
6582981,90,1,1,1,1,2,0.5,89
6582981,90,1,1,2,1,2,0.5,89
6583066,91,1,1,2,1,2,-0.5,90
6583066,91,0,1,1,1,2,0.5,90
6583066,91,0,1,2,1,2,0.5,90
6583421,92,1,1,2,1,2,-0.5,91
6583421,92,0,1,1,1,2,0.5,91
6583421,92,1,1,2,1,2,0.5,91
6582991,93,1,1,2,1,2,-0.5,92
6582991,93,1,1,1,1,2,0.5,92
6582991,93,0,1,2,1,2,0.5,92
6576548,94,1,1,2,-1,1,-0.5,93
6576548,94,1,1,1,-1,1,0.5,93
6576548,94,0,1,2,-1,1,0.5,93
6576640,95,1,1,2,-1,1,-0.5,94
6576640,95,0,1,1,-1,1,0.5,94
6576640,95,1,1,2,-1,1,0.5,94
6576603,96,0,1,2,-1,1,-0.5,95
6576603,96,1,1,1,-1,1,0.5,95
6576603,96,1,1,2,-1,1,0.5,95
6576774,97,1,1,2,-1,1,-0.5,96
6576774,97,0,1,1,-1,1,0.5,96
6576774,97,1,1,2,-1,1,0.5,96
6577301,98,1,1,2,-1,1,-0.5,97
6577301,98,1,1,1,-1,1,0.5,97
6577301,98,0,1,2,-1,1,0.5,97
6577338,99,0,1,2,-1,1,-0.5,98
6577338,99,1,1,1,-1,1,0.5,98
6577338,99,0,1,2,-1,1,0.5,98
6581436,101,1,1,2,-1,1,-0.5,99
6581436,101,1,1,1,-1,1,0.5,99
6581436,101,0,1,2,-1,1,0.5,99
6581431,102,1,1,2,-1,1,-0.5,100
6581431,102,1,1,1,-1,1,0.5,100
6581431,102,1,1,2,-1,1,0.5,100
6581419,103,1,1,2,-1,1,-0.5,101
6581419,103,1,1,1,-1,1,0.5,101
6581419,103,1,1,2,-1,1,0.5,101
6581469,104,1,1,2,-1,1,-0.5,102
6581469,104,1,1,1,-1,1,0.5,102
6581469,104,1,1,2,-1,1,0.5,102
6582871,105,1,1,2,-1,1,-0.5,103
6582871,105,1,1,1,-1,1,0.5,103
6582871,105,0,1,2,-1,1,0.5,103
6583058,106,0,1,2,-1,1,-0.5,104
6583058,106,1,1,1,-1,1,0.5,104
6583058,106,0,1,2,-1,1,0.5,104
6583073,107,0,1,2,-1,1,-0.5,105
6583073,107,1,1,1,-1,1,0.5,105
6583073,107,0,1,2,-1,1,0.5,105
6583134,108,1,1,2,-1,1,-0.5,106
6583134,108,1,1,1,-1,1,0.5,106
6583134,108,0,1,2,-1,1,0.5,106
6583843,109,0,1,2,-1,1,-0.5,107
6583843,109,0,1,1,-1,1,0.5,107
6583843,109,1,1,2,-1,1,0.5,107
6576538,110,1,1,2,1,2,-0.5,108
6576538,110,0,1,1,1,2,0.5,108
6576538,110,0,1,2,1,2,0.5,108
6576604,111,1,1,2,1,2,-0.5,109
6576604,111,0,1,1,1,2,0.5,109
6576604,111,0,1,2,1,2,0.5,109
6576661,112,1,1,2,1,2,-0.5,110
6576661,112,0,1,1,1,2,0.5,110
6576661,112,1,1,2,1,2,0.5,110
6577334,113,1,1,2,1,2,-0.5,111
6577334,113,0,1,1,1,2,0.5,111
6577334,113,0,1,2,1,2,0.5,111
6577319,114,1,1,2,1,2,-0.5,112
6577319,114,0,1,1,1,2,0.5,112
6577319,114,1,1,2,1,2,0.5,112
6577401,115,0,1,2,1,2,-0.5,113
6577401,115,0,1,1,1,2,0.5,113
6577401,115,1,1,2,1,2,0.5,113
6577345,116,0,1,2,1,2,-0.5,114
6577345,116,0,1,1,1,2,0.5,114
6577345,116,0,1,2,1,2,0.5,114
6577879,117,0,1,2,1,2,-0.5,115
6577879,117,0,1,1,1,2,0.5,115
6577879,117,1,1,2,1,2,0.5,115
6581442,118,1,1,2,1,2,-0.5,116
6581442,118,1,1,1,1,2,0.5,116
6581442,118,0,1,2,1,2,0.5,116
6581449,119,0,1,2,1,2,-0.5,117
6581449,119,1,1,1,1,2,0.5,117
6581449,119,0,1,2,1,2,0.5,117
6581486,120,1,1,2,1,2,-0.5,118
6581486,120,1,1,1,1,2,0.5,118
6581486,120,1,1,2,1,2,0.5,118
6581500,121,0,1,2,1,2,-0.5,119
6581500,121,0,1,1,1,2,0.5,119
6581500,121,1,1,2,1,2,0.5,119
6582987,122,1,1,2,1,2,-0.5,120
6582987,122,0,1,1,1,2,0.5,120
6582987,122,1,1,2,1,2,0.5,120
6582986,123,0,1,2,1,2,-0.5,121
6582986,123,0,1,1,1,2,0.5,121
6582986,123,0,1,2,1,2,0.5,121
6583190,124,1,1,2,1,2,-0.5,122
6583190,124,0,1,1,1,2,0.5,122
6583190,124,1,1,2,1,2,0.5,122
6583966,125,1,1,2,1,2,-0.5,123
6583966,125,0,1,1,1,2,0.5,123
6583966,125,1,1,2,1,2,0.5,123
6576552,126,1,1,1,-1,1,-0.5,124
6576552,126,0,1,3,-1,1,-0.5,124
6576552,126,1,1,3,-1,1,0.5,124
6576609,127,1,1,1,-1,1,-0.5,125
6576609,127,1,1,3,-1,1,-0.5,125
6576609,127,1,1,3,-1,1,0.5,125
6576642,128,1,1,1,-1,1,-0.5,126
6576642,128,1,1,3,-1,1,-0.5,126
6576642,128,0,1,3,-1,1,0.5,126
6576935,129,1,1,1,-1,1,-0.5,127
6576935,129,0,1,3,-1,1,-0.5,127
6576935,129,1,1,3,-1,1,0.5,127
6577354,130,1,1,1,-1,1,-0.5,128
6577354,130,1,1,3,-1,1,-0.5,128
6577354,130,0,1,3,-1,1,0.5,128
6577335,131,1,1,1,-1,1,-0.5,129
6577335,131,1,1,3,-1,1,-0.5,129
6577335,131,1,1,3,-1,1,0.5,129
6577339,132,0,1,1,-1,1,-0.5,130
6577339,132,1,1,3,-1,1,-0.5,130
6577339,132,0,1,3,-1,1,0.5,130
6577733,133,1,1,1,-1,1,-0.5,131
6577733,133,0,1,3,-1,1,-0.5,131
6577733,133,1,1,3,-1,1,0.5,131
6581414,134,1,1,1,-1,1,-0.5,132
6581414,134,0,1,3,-1,1,-0.5,132
6581414,134,1,1,3,-1,1,0.5,132
6581435,135,1,1,1,-1,1,-0.5,133
6581435,135,1,1,3,-1,1,-0.5,133
6581435,135,1,1,3,-1,1,0.5,133
6581440,136,1,1,1,-1,1,-0.5,134
6581440,136,1,1,3,-1,1,-0.5,134
6581440,136,1,1,3,-1,1,0.5,134
6581656,137,1,1,1,-1,1,-0.5,135
6581656,137,1,1,3,-1,1,-0.5,135
6581656,137,1,1,3,-1,1,0.5,135
6583002,138,1,1,1,-1,1,-0.5,136
6583002,138,0,1,3,-1,1,-0.5,136
6583002,138,0,1,3,-1,1,0.5,136
6582977,139,1,1,1,-1,1,-0.5,137
6582977,139,1,1,3,-1,1,-0.5,137
6582977,139,1,1,3,-1,1,0.5,137
6583231,140,1,1,1,-1,1,-0.5,138
6583231,140,1,1,3,-1,1,-0.5,138
6583231,140,0,1,3,-1,1,0.5,138
6576585,141,1,1,2,1,2,-0.5,139
6576585,141,0,1,1,1,2,0.5,139
6576585,141,0,1,2,1,2,0.5,139
6576616,142,1,1,2,1,2,-0.5,140
6576616,142,1,1,1,1,2,0.5,140
6576616,142,0,1,2,1,2,0.5,140
6576653,143,0,1,2,1,2,-0.5,141
6576653,143,0,1,1,1,2,0.5,141
6576653,143,0,1,2,1,2,0.5,141
6577327,145,0,1,2,1,2,-0.5,142
6577327,145,0,1,1,1,2,0.5,142
6577327,145,0,1,2,1,2,0.5,142
6577428,146,1,1,2,1,2,-0.5,143
6577428,146,0,1,1,1,2,0.5,143
6577428,146,1,1,2,1,2,0.5,143
6577308,147,0,1,2,1,2,-0.5,144
6577308,147,0,1,1,1,2,0.5,144
6577308,147,1,1,2,1,2,0.5,144
6581443,148,1,1,2,1,2,-0.5,145
6581443,148,0,1,1,1,2,0.5,145
6581443,148,1,1,2,1,2,0.5,145
6581422,149,1,1,2,1,2,-0.5,146
6581422,149,0,1,1,1,2,0.5,146
6581422,149,0,1,2,1,2,0.5,146
6581502,150,1,1,2,1,2,-0.5,147
6581502,150,1,1,1,1,2,0.5,147
6581502,150,0,1,2,1,2,0.5,147
6582996,151,1,1,2,1,2,-0.5,148
6582996,151,1,1,1,1,2,0.5,148
6582996,151,1,1,2,1,2,0.5,148
6583064,152,1,1,2,1,2,-0.5,149
6583064,152,1,1,1,1,2,0.5,149
6583064,152,1,1,2,1,2,0.5,149
6583059,153,1,1,2,1,2,-0.5,150
6583059,153,0,1,1,1,2,0.5,150
6583059,153,0,1,2,1,2,0.5,150
6583155,154,0,1,2,1,2,-0.5,151
6583155,154,0,1,1,1,2,0.5,151
6583155,154,1,1,2,1,2,0.5,151
6576590,155,1,1,1,1,2,-0.5,152
6576590,155,0,1,3,1,2,-0.5,152
6576590,155,0,1,3,1,2,0.5,152
6576723,156,1,1,1,1,2,-0.5,153
6576723,156,1,1,3,1,2,-0.5,153
6576723,156,1,1,3,1,2,0.5,153
6577041,157,1,1,1,1,2,-0.5,154
6577041,157,1,1,3,1,2,-0.5,154
6577041,157,1,1,3,1,2,0.5,154
6577342,158,1,1,1,1,2,-0.5,155
6577342,158,0,1,3,1,2,-0.5,155
6577342,158,0,1,3,1,2,0.5,155
6577346,159,1,1,1,1,2,-0.5,156
6577346,159,1,1,3,1,2,-0.5,156
6577346,159,0,1,3,1,2,0.5,156
6577419,160,1,1,1,1,2,-0.5,157
6577419,160,1,1,3,1,2,-0.5,157
6577419,160,1,1,3,1,2,0.5,157
6577715,161,1,1,1,1,2,-0.5,158
6577715,161,0,1,3,1,2,-0.5,158
6577715,161,0,1,3,1,2,0.5,158
6581427,162,1,1,1,1,2,-0.5,159
6581427,162,0,1,3,1,2,-0.5,159
6581427,162,1,1,3,1,2,0.5,159
6581506,163,1,1,1,1,2,-0.5,160
6581506,163,1,1,3,1,2,-0.5,160
6581506,163,1,1,3,1,2,0.5,160
6581549,164,0,1,1,1,2,-0.5,161
6581549,164,1,1,3,1,2,-0.5,161
6581549,164,1,1,3,1,2,0.5,161
6581527,165,1,1,1,1,2,-0.5,162
6581527,165,0,1,3,1,2,-0.5,162
6581527,165,1,1,3,1,2,0.5,162
6583067,166,1,1,1,1,2,-0.5,163
6583067,166,0,1,3,1,2,-0.5,163
6583067,166,0,1,3,1,2,0.5,163
6582992,167,1,1,1,1,2,-0.5,164
6582992,167,0,1,3,1,2,-0.5,164
6582992,167,1,1,3,1,2,0.5,164
6583005,168,0,1,1,1,2,-0.5,165
6583005,168,0,1,3,1,2,-0.5,165
6583005,168,1,1,3,1,2,0.5,165
6576599,169,1,1,2,-1,1,-0.5,166
6576599,169,1,1,1,-1,1,0.5,166
6576599,169,1,1,2,-1,1,0.5,166
6576591,170,0,1,2,-1,1,-0.5,167
6576591,170,1,1,1,-1,1,0.5,167
6576591,170,1,1,2,-1,1,0.5,167
6577316,171,1,1,2,-1,1,-0.5,168
6577316,171,1,1,1,-1,1,0.5,168
6577316,171,1,1,2,-1,1,0.5,168
6577331,172,0,1,2,-1,1,-0.5,169
6577331,172,1,1,1,-1,1,0.5,169
6577331,172,1,1,2,-1,1,0.5,169
6577314,173,0,1,2,-1,1,-0.5,170
6577314,173,0,1,1,-1,1,0.5,170
6577314,173,0,1,2,-1,1,0.5,170
6577522,174,1,1,2,-1,1,-0.5,171
6577522,174,0,1,1,-1,1,0.5,171
6577522,174,0,1,2,-1,1,0.5,171
6577668,175,1,1,2,-1,1,-0.5,172
6577668,175,1,1,1,-1,1,0.5,172
6577668,175,1,1,2,-1,1,0.5,172
6581439,176,1,1,2,-1,1,-0.5,173
6581439,176,1,1,1,-1,1,0.5,173
6581439,176,0,1,2,-1,1,0.5,173
6581466,177,0,1,2,-1,1,-0.5,174
6581466,177,1,1,1,-1,1,0.5,174
6581466,177,1,1,2,-1,1,0.5,174
6581468,178,1,1,2,-1,1,-0.5,175
6581468,178,1,1,1,-1,1,0.5,175
6581468,178,1,1,2,-1,1,0.5,175
6581893,179,1,1,2,-1,1,-0.5,176
6581893,179,0,1,1,-1,1,0.5,176
6581893,179,1,1,2,-1,1,0.5,176
6583068,180,0,1,2,-1,1,-0.5,177
6583068,180,1,1,1,-1,1,0.5,177
6583068,180,0,1,2,-1,1,0.5,177
6583056,181,1,1,2,-1,1,-0.5,178
6583056,181,0,1,1,-1,1,0.5,178
6583056,181,1,1,2,-1,1,0.5,178
6582982,182,1,1,2,-1,1,-0.5,179
6582982,182,1,1,1,-1,1,0.5,179
6582982,182,1,1,2,-1,1,0.5,179
6584767,183,1,1,2,-1,1,-0.5,180
6584767,183,1,1,1,-1,1,0.5,180
6584767,183,0,1,2,-1,1,0.5,180
6576579,184,1,1,1,-1,1,-0.5,181
6576579,184,0,1,3,-1,1,-0.5,181
6576579,184,1,1,3,-1,1,0.5,181
6576575,185,1,1,1,-1,1,-0.5,182
6576575,185,0,1,3,-1,1,-0.5,182
6576575,185,0,1,3,-1,1,0.5,182
6576566,186,1,1,1,-1,1,-0.5,183
6576566,186,1,1,3,-1,1,-0.5,183
6576566,186,1,1,3,-1,1,0.5,183
6577030,187,0,1,1,-1,1,-0.5,184
6577030,187,1,1,3,-1,1,-0.5,184
6577030,187,1,1,3,-1,1,0.5,184
6577359,188,1,1,1,-1,1,-0.5,185
6577359,188,1,1,3,-1,1,-0.5,185
6577359,188,1,1,3,-1,1,0.5,185
6577352,189,0,1,1,-1,1,-0.5,186
6577352,189,1,1,3,-1,1,-0.5,186
6577352,189,1,1,3,-1,1,0.5,186
6577333,190,1,1,1,-1,1,-0.5,187
6577333,190,1,1,3,-1,1,-0.5,187
6577333,190,1,1,3,-1,1,0.5,187
6577897,191,0,1,1,-1,1,-0.5,188
6577897,191,1,1,3,-1,1,-0.5,188
6577897,191,1,1,3,-1,1,0.5,188
6581417,192,1,1,1,-1,1,-0.5,189
6581417,192,1,1,3,-1,1,-0.5,189
6581417,192,1,1,3,-1,1,0.5,189
6581459,193,1,1,1,-1,1,-0.5,190
6581459,193,1,1,3,-1,1,-0.5,190
6581459,193,0,1,3,-1,1,0.5,190
6581456,194,1,1,1,-1,1,-0.5,191
6581456,194,1,1,3,-1,1,-0.5,191
6581456,194,1,1,3,-1,1,0.5,191
6582983,195,0,1,1,-1,1,-0.5,192
6582983,195,0,1,3,-1,1,-0.5,192
6582983,195,1,1,3,-1,1,0.5,192
6583109,196,1,1,1,-1,1,-0.5,193
6583109,196,0,1,3,-1,1,-0.5,193
6583109,196,1,1,3,-1,1,0.5,193
6582980,197,1,1,1,-1,1,-0.5,194
6582980,197,0,1,3,-1,1,-0.5,194
6582980,197,1,1,3,-1,1,0.5,194
6583323,198,0,1,1,-1,1,-0.5,195
6583323,198,1,1,3,-1,1,-0.5,195
6583323,198,1,1,3,-1,1,0.5,195
6576543,199,1,1,1,1,2,-0.5,196
6576543,199,0,1,3,1,2,-0.5,196
6576543,199,1,1,3,1,2,0.5,196
6576626,200,1,1,1,1,2,-0.5,197
6576626,200,0,1,3,1,2,-0.5,197
6576626,200,0,1,3,1,2,0.5,197
6576643,201,0,1,1,1,2,-0.5,198
6576643,201,0,1,3,1,2,-0.5,198
6576643,201,0,1,3,1,2,0.5,198
6576836,202,1,1,1,1,2,-0.5,199
6576836,202,1,1,3,1,2,-0.5,199
6576836,202,1,1,3,1,2,0.5,199
6577326,203,0,1,1,1,2,-0.5,200
6577326,203,1,1,3,1,2,-0.5,200
6577326,203,1,1,3,1,2,0.5,200
6577330,204,1,1,1,1,2,-0.5,201
6577330,204,0,1,3,1,2,-0.5,201
6577330,204,1,1,3,1,2,0.5,201
6577438,205,1,1,1,1,2,-0.5,202
6577438,205,1,1,3,1,2,-0.5,202
6577438,205,0,1,3,1,2,0.5,202
6581426,206,1,1,1,1,2,-0.5,203
6581426,206,0,1,3,1,2,-0.5,203
6581426,206,1,1,3,1,2,0.5,203
6581470,207,1,1,1,1,2,-0.5,204
6581470,207,1,1,3,1,2,-0.5,204
6581470,207,1,1,3,1,2,0.5,204
6581430,208,1,1,1,1,2,-0.5,205
6581430,208,0,1,3,1,2,-0.5,205
6581430,208,1,1,3,1,2,0.5,205
6582397,209,1,1,1,1,2,-0.5,206
6582397,209,1,1,3,1,2,-0.5,206
6582397,209,1,1,3,1,2,0.5,206
6583003,210,1,1,1,1,2,-0.5,207
6583003,210,1,1,3,1,2,-0.5,207
6583003,210,0,1,3,1,2,0.5,207
6583060,211,0,1,1,1,2,-0.5,208
6583060,211,1,1,3,1,2,-0.5,208
6583060,211,1,1,3,1,2,0.5,208
6583846,212,0,1,1,1,2,-0.5,209
6583846,212,1,1,3,1,2,-0.5,209
6583846,212,0,1,3,1,2,0.5,209
6576574,213,1,1,2,-1,1,-0.5,210
6576574,213,1,1,1,-1,1,0.5,210
6576574,213,1,1,2,-1,1,0.5,210
6576598,214,1,1,2,-1,1,-0.5,211
6576598,214,0,1,1,-1,1,0.5,211
6576598,214,1,1,2,-1,1,0.5,211
6576559,215,0,1,2,-1,1,-0.5,212
6576559,215,1,1,1,-1,1,0.5,212
6576559,215,0,1,2,-1,1,0.5,212
6577304,216,1,1,2,-1,1,-0.5,213
6577304,216,0,1,1,-1,1,0.5,213
6577304,216,1,1,2,-1,1,0.5,213
6577353,217,1,1,2,-1,1,-0.5,214
6577353,217,0,1,1,-1,1,0.5,214
6577353,217,1,1,2,-1,1,0.5,214
6577397,218,0,1,2,-1,1,-0.5,215
6577397,218,0,1,1,-1,1,0.5,215
6577397,218,0,1,2,-1,1,0.5,215
6577427,219,1,1,2,-1,1,-0.5,216
6577427,219,0,1,1,-1,1,0.5,216
6577427,219,1,1,2,-1,1,0.5,216
6581437,220,0,1,2,-1,1,-0.5,217
6581437,220,0,1,1,-1,1,0.5,217
6581437,220,1,1,2,-1,1,0.5,217
6581448,221,1,1,2,-1,1,-0.5,218
6581448,221,0,1,1,-1,1,0.5,218
6581448,221,0,1,2,-1,1,0.5,218
6581565,222,0,1,2,-1,1,-0.5,219
6581565,222,1,1,1,-1,1,0.5,219
6581565,222,0,1,2,-1,1,0.5,219
6582975,223,0,1,2,-1,1,-0.5,220
6582975,223,0,1,1,-1,1,0.5,220
6582975,223,1,1,2,-1,1,0.5,220
6582993,224,0,1,2,-1,1,-0.5,221
6582993,224,1,1,1,-1,1,0.5,221
6582993,224,0,1,2,-1,1,0.5,221
6583071,225,1,1,2,-1,1,-0.5,222
6583071,225,1,1,1,-1,1,0.5,222
6583071,225,1,1,2,-1,1,0.5,222
6583161,226,1,1,2,-1,1,-0.5,223
6583161,226,1,1,1,-1,1,0.5,223
6583161,226,0,1,2,-1,1,0.5,223
6576641,227,1,1,2,-1,1,-0.5,224
6576641,227,1,1,1,-1,1,0.5,224
6576641,227,0,1,2,-1,1,0.5,224
6576782,228,1,1,2,-1,1,-0.5,225
6576782,228,0,1,1,-1,1,0.5,225
6576782,228,0,1,2,-1,1,0.5,225
6577300,229,1,1,2,-1,1,-0.5,226
6577300,229,1,1,1,-1,1,0.5,226
6577300,229,1,1,2,-1,1,0.5,226
6577365,230,1,1,2,-1,1,-0.5,227
6577365,230,1,1,1,-1,1,0.5,227
6577365,230,1,1,2,-1,1,0.5,227
6577337,231,1,1,2,-1,1,-0.5,228
6577337,231,0,1,1,-1,1,0.5,228
6577337,231,0,1,2,-1,1,0.5,228
6577434,232,1,1,2,-1,1,-0.5,229
6577434,232,0,1,1,-1,1,0.5,229
6577434,232,0,1,2,-1,1,0.5,229
6578123,233,1,1,2,-1,1,-0.5,230
6578123,233,1,1,1,-1,1,0.5,230
6578123,233,0,1,2,-1,1,0.5,230
6581412,234,1,1,2,-1,1,-0.5,231
6581412,234,1,1,1,-1,1,0.5,231
6581412,234,0,1,2,-1,1,0.5,231
6581418,235,1,1,2,-1,1,-0.5,232
6581418,235,1,1,1,-1,1,0.5,232
6581418,235,0,1,2,-1,1,0.5,232
6581475,236,0,1,2,-1,1,-0.5,233
6581475,236,1,1,1,-1,1,0.5,233
6581475,236,0,1,2,-1,1,0.5,233
6582999,237,0,1,2,-1,1,-0.5,234
6582999,237,0,1,1,-1,1,0.5,234
6582999,237,1,1,2,-1,1,0.5,234
6583117,238,1,1,2,-1,1,-0.5,235
6583117,238,1,1,1,-1,1,0.5,235
6583117,238,1,1,2,-1,1,0.5,235
6583137,239,1,1,2,-1,1,-0.5,236
6583137,239,0,1,1,-1,1,0.5,236
6583137,239,0,1,2,-1,1,0.5,236
6583156,240,1,1,2,-1,1,-0.5,237
6583156,240,0,1,1,-1,1,0.5,237
6583156,240,1,1,2,-1,1,0.5,237
6583891,241,1,1,2,-1,1,-0.5,238
6583891,241,0,1,1,-1,1,0.5,238
6583891,241,1,1,2,-1,1,0.5,238
