SubID,subject,correct,total_trials,trial_type,expected,condition,condition_non_rec,probe_type,sub_idx
6576573,1,2,6,2,-0.5,1,2,-0.5,1
6576573,1,6,12,2,0.5,1,2,-0.5,1
6576573,1,3,9,1,-0.5,1,2,0.5,1
6576573,1,4,9,1,0.5,1,2,0.5,1
6576573,1,3,6,2,-0.5,1,2,0.5,1
6576573,1,9,12,2,0.5,1,2,0.5,1
6576620,2,1,6,2,-0.5,1,2,-0.5,2
6576620,2,5,12,2,0.5,1,2,-0.5,2
6576620,2,5,9,1,-0.5,1,2,0.5,2
6576620,2,4,9,1,0.5,1,2,0.5,2
6576620,2,4,6,2,-0.5,1,2,0.5,2
6576620,2,8,12,2,0.5,1,2,0.5,2
6576601,3,5,6,2,-0.5,1,2,-0.5,3
6576601,3,6,12,2,0.5,1,2,-0.5,3
6576601,3,1,9,1,-0.5,1,2,0.5,3
6576601,3,6,9,1,0.5,1,2,0.5,3
6576601,3,6,6,2,-0.5,1,2,0.5,3
6576601,3,4,12,2,0.5,1,2,0.5,3
6577305,4,3,6,2,-0.5,1,2,-0.5,4
6577305,4,10,12,2,0.5,1,2,-0.5,4
6577305,4,9,9,1,-0.5,1,2,0.5,4
6577305,4,9,9,1,0.5,1,2,0.5,4
6577305,4,0,6,2,-0.5,1,2,0.5,4
6577305,4,5,12,2,0.5,1,2,0.5,4
6577347,5,6,6,2,-0.5,1,2,-0.5,5
6577347,5,6,12,2,0.5,1,2,-0.5,5
6577347,5,2,9,1,-0.5,1,2,0.5,5
6577347,5,4,9,1,0.5,1,2,0.5,5
6577347,5,3,6,2,-0.5,1,2,0.5,5
6577347,5,6,12,2,0.5,1,2,0.5,5
6577318,6,1,6,2,-0.5,1,2,-0.5,6
6577318,6,8,12,2,0.5,1,2,-0.5,6
6577318,6,4,9,1,-0.5,1,2,0.5,6
6577318,6,5,9,1,0.5,1,2,0.5,6
6577318,6,3,6,2,-0.5,1,2,0.5,6
6577318,6,3,12,2,0.5,1,2,0.5,6
6577341,7,3,6,2,-0.5,1,2,-0.5,7
6577341,7,8,12,2,0.5,1,2,-0.5,7
6577341,7,9,9,1,-0.5,1,2,0.5,7
6577341,7,4,9,1,0.5,1,2,0.5,7
6577341,7,5,6,2,-0.5,1,2,0.5,7
6577341,7,7,12,2,0.5,1,2,0.5,7
6577931,8,6,6,2,-0.5,1,2,-0.5,8
6577931,8,10,12,2,0.5,1,2,-0.5,8
6577931,8,3,9,1,-0.5,1,2,0.5,8
6577931,8,5,9,1,0.5,1,2,0.5,8
6577931,8,5,6,2,-0.5,1,2,0.5,8
6577931,8,10,12,2,0.5,1,2,0.5,8
6581413,9,2,6,2,-0.5,1,2,-0.5,9
6581413,9,7,12,2,0.5,1,2,-0.5,9
6581413,9,5,9,1,-0.5,1,2,0.5,9
6581413,9,7,9,1,0.5,1,2,0.5,9
6581413,9,2,6,2,-0.5,1,2,0.5,9
6581413,9,5,12,2,0.5,1,2,0.5,9
6581458,10,5,6,2,-0.5,1,2,-0.5,10
6581458,10,10,12,2,0.5,1,2,-0.5,10
6581458,10,5,9,1,-0.5,1,2,0.5,10
6581458,10,5,9,1,0.5,1,2,0.5,10
6581458,10,5,6,2,-0.5,1,2,0.5,10
6581458,10,12,12,2,0.5,1,2,0.5,10
6581420,11,6,6,2,-0.5,1,2,-0.5,11
6581420,11,7,12,2,0.5,1,2,-0.5,11
6581420,11,5,9,1,-0.5,1,2,0.5,11
6581420,11,6,9,1,0.5,1,2,0.5,11
6581420,11,3,6,2,-0.5,1,2,0.5,11
6581420,11,9,12,2,0.5,1,2,0.5,11
6581460,12,2,6,2,-0.5,1,2,-0.5,12
6581460,12,9,12,2,0.5,1,2,-0.5,12
6581460,12,9,9,1,-0.5,1,2,0.5,12
6581460,12,9,9,1,0.5,1,2,0.5,12
6581460,12,3,6,2,-0.5,1,2,0.5,12
6581460,12,8,12,2,0.5,1,2,0.5,12
6582994,13,3,6,2,-0.5,1,2,-0.5,13
6582994,13,8,12,2,0.5,1,2,-0.5,13
6582994,13,4,9,1,-0.5,1,2,0.5,13
6582994,13,4,9,1,0.5,1,2,0.5,13
6582994,13,1,6,2,-0.5,1,2,0.5,13
6582994,13,7,12,2,0.5,1,2,0.5,13
6583086,14,6,6,2,-0.5,1,2,-0.5,14
6583086,14,11,12,2,0.5,1,2,-0.5,14
6583086,14,8,9,1,-0.5,1,2,0.5,14
6583086,14,9,9,1,0.5,1,2,0.5,14
6583086,14,5,6,2,-0.5,1,2,0.5,14
6583086,14,12,12,2,0.5,1,2,0.5,14
6583665,15,3,6,2,-0.5,1,2,-0.5,15
6583665,15,11,12,2,0.5,1,2,-0.5,15
6583665,15,8,9,1,-0.5,1,2,0.5,15
6583665,15,8,9,1,0.5,1,2,0.5,15
6583665,15,5,6,2,-0.5,1,2,0.5,15
6583665,15,11,12,2,0.5,1,2,0.5,15
6584793,16,6,6,2,-0.5,1,2,-0.5,16
6584793,16,12,12,2,0.5,1,2,-0.5,16
6584793,16,4,9,1,-0.5,1,2,0.5,16
6584793,16,6,9,1,0.5,1,2,0.5,16
6584793,16,5,6,2,-0.5,1,2,0.5,16
6584793,16,4,12,2,0.5,1,2,0.5,16
6576572,17,1,6,2,-0.5,-1,1,-0.5,17
6576572,17,10,12,2,0.5,-1,1,-0.5,17
6576572,17,7,9,1,-0.5,-1,1,0.5,17
6576572,17,7,9,1,0.5,-1,1,0.5,17
6576572,17,4,6,2,-0.5,-1,1,0.5,17
6576572,17,9,12,2,0.5,-1,1,0.5,17
6576602,18,5,6,2,-0.5,-1,1,-0.5,18
6576602,18,10,12,2,0.5,-1,1,-0.5,18
6576602,18,8,9,1,-0.5,-1,1,0.5,18
6576602,18,8,9,1,0.5,-1,1,0.5,18
6576602,18,5,6,2,-0.5,-1,1,0.5,18
6576602,18,9,12,2,0.5,-1,1,0.5,18
6576557,19,5,6,2,-0.5,-1,1,-0.5,19
6576557,19,11,12,2,0.5,-1,1,-0.5,19
6576557,19,3,9,1,-0.5,-1,1,0.5,19
6576557,19,2,9,1,0.5,-1,1,0.5,19
6576557,19,2,6,2,-0.5,-1,1,0.5,19
6576557,19,11,12,2,0.5,-1,1,0.5,19
6577303,20,1,6,2,-0.5,-1,1,-0.5,20
6577303,20,4,12,2,0.5,-1,1,-0.5,20
6577303,20,2,9,1,-0.5,-1,1,0.5,20
6577303,20,3,9,1,0.5,-1,1,0.5,20
6577303,20,6,6,2,-0.5,-1,1,0.5,20
6577303,20,3,12,2,0.5,-1,1,0.5,20
6577336,21,4,6,2,-0.5,-1,1,-0.5,21
6577336,21,9,12,2,0.5,-1,1,-0.5,21
6577336,21,9,9,1,-0.5,-1,1,0.5,21
6577336,21,9,9,1,0.5,-1,1,0.5,21
6577336,21,6,6,2,-0.5,-1,1,0.5,21
6577336,21,8,12,2,0.5,-1,1,0.5,21
6577321,22,4,6,2,-0.5,-1,1,-0.5,22
6577321,22,5,12,2,0.5,-1,1,-0.5,22
6577321,22,8,9,1,-0.5,-1,1,0.5,22
6577321,22,7,9,1,0.5,-1,1,0.5,22
6577321,22,5,6,2,-0.5,-1,1,0.5,22
6577321,22,4,12,2,0.5,-1,1,0.5,22
6577408,23,2,6,2,-0.5,-1,1,-0.5,23
6577408,23,5,12,2,0.5,-1,1,-0.5,23
6577408,23,6,9,1,-0.5,-1,1,0.5,23
6577408,23,5,9,1,0.5,-1,1,0.5,23
6577408,23,1,6,2,-0.5,-1,1,0.5,23
6577408,23,6,12,2,0.5,-1,1,0.5,23
6577794,24,4,6,2,-0.5,-1,1,-0.5,24
6577794,24,7,12,2,0.5,-1,1,-0.5,24
6577794,24,6,9,1,-0.5,-1,1,0.5,24
6577794,24,3,9,1,0.5,-1,1,0.5,24
6577794,24,3,6,2,-0.5,-1,1,0.5,24
6577794,24,4,12,2,0.5,-1,1,0.5,24
6581415,25,6,6,2,-0.5,-1,1,-0.5,25
6581415,25,7,12,2,0.5,-1,1,-0.5,25
6581415,25,6,9,1,-0.5,-1,1,0.5,25
6581415,25,5,9,1,0.5,-1,1,0.5,25
6581415,25,2,6,2,-0.5,-1,1,0.5,25
6581415,25,8,12,2,0.5,-1,1,0.5,25
6581480,26,4,6,2,-0.5,-1,1,-0.5,26
6581480,26,10,12,2,0.5,-1,1,-0.5,26
6581480,26,2,9,1,-0.5,-1,1,0.5,26
6581480,26,7,9,1,0.5,-1,1,0.5,26
6581480,26,4,6,2,-0.5,-1,1,0.5,26
6581480,26,4,12,2,0.5,-1,1,0.5,26
6581581,27,6,6,2,-0.5,-1,1,-0.5,27
6581581,27,11,12,2,0.5,-1,1,-0.5,27
6581581,27,3,9,1,-0.5,-1,1,0.5,27
6581581,27,3,9,1,0.5,-1,1,0.5,27
6581581,27,2,6,2,-0.5,-1,1,0.5,27
6581581,27,4,12,2,0.5,-1,1,0.5,27
6581771,28,5,6,2,-0.5,-1,1,-0.5,28
6581771,28,2,12,2,0.5,-1,1,-0.5,28
6581771,28,5,9,1,-0.5,-1,1,0.5,28
6581771,28,7,9,1,0.5,-1,1,0.5,28
6581771,28,5,6,2,-0.5,-1,1,0.5,28
6581771,28,3,12,2,0.5,-1,1,0.5,28
6583102,29,3,6,2,-0.5,-1,1,-0.5,29
6583102,29,4,12,2,0.5,-1,1,-0.5,29
6583102,29,5,9,1,-0.5,-1,1,0.5,29
6583102,29,7,9,1,0.5,-1,1,0.5,29
6583102,29,2,6,2,-0.5,-1,1,0.5,29
6583102,29,5,12,2,0.5,-1,1,0.5,29
6583000,30,0,6,2,-0.5,-1,1,-0.5,30
6583000,30,6,12,2,0.5,-1,1,-0.5,30
6583000,30,8,9,1,-0.5,-1,1,0.5,30
6583000,30,9,9,1,0.5,-1,1,0.5,30
6583000,30,1,6,2,-0.5,-1,1,0.5,30
6583000,30,8,12,2,0.5,-1,1,0.5,30
6583211,31,4,6,2,-0.5,-1,1,-0.5,31
6583211,31,7,12,2,0.5,-1,1,-0.5,31
6583211,31,5,9,1,-0.5,-1,1,0.5,31
6583211,31,4,9,1,0.5,-1,1,0.5,31
6583211,31,2,6,2,-0.5,-1,1,0.5,31
6583211,31,9,12,2,0.5,-1,1,0.5,31
6576547,32,4,6,2,-0.5,1,2,-0.5,32
6576547,32,6,12,2,0.5,1,2,-0.5,32
6576547,32,5,9,1,-0.5,1,2,0.5,32
6576547,32,6,9,1,0.5,1,2,0.5,32
6576547,32,4,6,2,-0.5,1,2,0.5,32
6576547,32,7,12,2,0.5,1,2,0.5,32
6576624,33,4,6,2,-0.5,1,2,-0.5,33
6576624,33,8,12,2,0.5,1,2,-0.5,33
6576624,33,5,9,1,-0.5,1,2,0.5,33
6576624,33,1,9,1,0.5,1,2,0.5,33
6576624,33,3,6,2,-0.5,1,2,0.5,33
6576624,33,5,12,2,0.5,1,2,0.5,33
6576647,34,5,6,2,-0.5,1,2,-0.5,34
6576647,34,9,12,2,0.5,1,2,-0.5,34
6576647,34,4,9,1,-0.5,1,2,0.5,34
6576647,34,2,9,1,0.5,1,2,0.5,34
6576647,34,4,6,2,-0.5,1,2,0.5,34
6576647,34,8,12,2,0.5,1,2,0.5,34
6577311,35,2,6,2,-0.5,1,2,-0.5,35
6577311,35,9,12,2,0.5,1,2,-0.5,35
6577311,35,6,9,1,-0.5,1,2,0.5,35
6577311,35,4,9,1,0.5,1,2,0.5,35
6577311,35,2,6,2,-0.5,1,2,0.5,35
6577311,35,6,12,2,0.5,1,2,0.5,35
6577325,36,4,6,2,-0.5,1,2,-0.5,36
6577325,36,11,12,2,0.5,1,2,-0.5,36
6577325,36,6,9,1,-0.5,1,2,0.5,36
6577325,36,6,9,1,0.5,1,2,0.5,36
6577325,36,3,6,2,-0.5,1,2,0.5,36
6577325,36,9,12,2,0.5,1,2,0.5,36
6577374,37,6,6,2,-0.5,1,2,-0.5,37
6577374,37,11,12,2,0.5,1,2,-0.5,37
6577374,37,6,9,1,-0.5,1,2,0.5,37
6577374,37,4,9,1,0.5,1,2,0.5,37
6577374,37,5,6,2,-0.5,1,2,0.5,37
6577374,37,6,12,2,0.5,1,2,0.5,37
6577493,38,6,6,2,-0.5,1,2,-0.5,38
6577493,38,11,12,2,0.5,1,2,-0.5,38
6577493,38,9,9,1,-0.5,1,2,0.5,38
6577493,38,9,9,1,0.5,1,2,0.5,38
6577493,38,5,6,2,-0.5,1,2,0.5,38
6577493,38,12,12,2,0.5,1,2,0.5,38
6578172,39,2,6,2,-0.5,1,2,-0.5,39
6578172,39,9,12,2,0.5,1,2,-0.5,39
6578172,39,7,9,1,-0.5,1,2,0.5,39
6578172,39,5,9,1,0.5,1,2,0.5,39
6578172,39,2,6,2,-0.5,1,2,0.5,39
6578172,39,9,12,2,0.5,1,2,0.5,39
6581457,40,4,6,2,-0.5,1,2,-0.5,40
6581457,40,8,12,2,0.5,1,2,-0.5,40
6581457,40,7,9,1,-0.5,1,2,0.5,40
6581457,40,9,9,1,0.5,1,2,0.5,40
6581457,40,3,6,2,-0.5,1,2,0.5,40
6581457,40,7,12,2,0.5,1,2,0.5,40
6581473,41,6,6,2,-0.5,1,2,-0.5,41
6581473,41,10,12,2,0.5,1,2,-0.5,41
6581473,41,7,9,1,-0.5,1,2,0.5,41
6581473,41,9,9,1,0.5,1,2,0.5,41
6581473,41,3,6,2,-0.5,1,2,0.5,41
6581473,41,7,12,2,0.5,1,2,0.5,41
6581482,42,4,6,2,-0.5,1,2,-0.5,42
6581482,42,9,12,2,0.5,1,2,-0.5,42
6581482,42,1,9,1,-0.5,1,2,0.5,42
6581482,42,0,9,1,0.5,1,2,0.5,42
6581482,42,4,6,2,-0.5,1,2,0.5,42
6581482,42,6,12,2,0.5,1,2,0.5,42
6583001,43,3,6,2,-0.5,1,2,-0.5,43
6583001,43,10,12,2,0.5,1,2,-0.5,43
6583001,43,8,9,1,-0.5,1,2,0.5,43
6583001,43,9,9,1,0.5,1,2,0.5,43
6583001,43,3,6,2,-0.5,1,2,0.5,43
6583001,43,9,12,2,0.5,1,2,0.5,43
6582995,44,5,6,2,-0.5,1,2,-0.5,44
6582995,44,10,12,2,0.5,1,2,-0.5,44
6582995,44,1,9,1,-0.5,1,2,0.5,44
6582995,44,0,9,1,0.5,1,2,0.5,44
6582995,44,4,6,2,-0.5,1,2,0.5,44
6582995,44,7,12,2,0.5,1,2,0.5,44
6583070,45,6,6,2,-0.5,1,2,-0.5,45
6583070,45,11,12,2,0.5,1,2,-0.5,45
6583070,45,1,9,1,-0.5,1,2,0.5,45
6583070,45,0,9,1,0.5,1,2,0.5,45
6583070,45,6,6,2,-0.5,1,2,0.5,45
6583070,45,9,12,2,0.5,1,2,0.5,45
6583714,46,5,6,2,-0.5,1,2,-0.5,46
6583714,46,10,12,2,0.5,1,2,-0.5,46
6583714,46,7,9,1,-0.5,1,2,0.5,46
6583714,46,8,9,1,0.5,1,2,0.5,46
6583714,46,5,6,2,-0.5,1,2,0.5,46
6583714,46,11,12,2,0.5,1,2,0.5,46
6583839,47,5,6,2,-0.5,1,2,-0.5,47
6583839,47,8,12,2,0.5,1,2,-0.5,47
6583839,47,6,9,1,-0.5,1,2,0.5,47
6583839,47,9,9,1,0.5,1,2,0.5,47
6583839,47,6,6,2,-0.5,1,2,0.5,47
6583839,47,10,12,2,0.5,1,2,0.5,47
6576577,48,6,6,2,-0.5,1,2,-0.5,48
6576577,48,10,12,2,0.5,1,2,-0.5,48
6576577,48,6,9,1,-0.5,1,2,0.5,48
6576577,48,9,9,1,0.5,1,2,0.5,48
6576577,48,4,6,2,-0.5,1,2,0.5,48
6576577,48,5,12,2,0.5,1,2,0.5,48
6576671,49,6,6,2,-0.5,1,2,-0.5,49
6576671,49,8,12,2,0.5,1,2,-0.5,49
6576671,49,8,9,1,-0.5,1,2,0.5,49
6576671,49,8,9,1,0.5,1,2,0.5,49
6576671,49,3,6,2,-0.5,1,2,0.5,49
6576671,49,5,12,2,0.5,1,2,0.5,49
6576614,50,5,6,2,-0.5,1,2,-0.5,50
6576614,50,7,12,2,0.5,1,2,-0.5,50
6576614,50,5,9,1,-0.5,1,2,0.5,50
6576614,50,7,9,1,0.5,1,2,0.5,50
6576614,50,2,6,2,-0.5,1,2,0.5,50
6576614,50,7,12,2,0.5,1,2,0.5,50
6577313,51,4,6,2,-0.5,1,2,-0.5,51
6577313,51,11,12,2,0.5,1,2,-0.5,51
6577313,51,6,9,1,-0.5,1,2,0.5,51
6577313,51,5,9,1,0.5,1,2,0.5,51
6577313,51,4,6,2,-0.5,1,2,0.5,51
6577313,51,12,12,2,0.5,1,2,0.5,51
6577307,52,6,6,2,-0.5,1,2,-0.5,52
6577307,52,5,12,2,0.5,1,2,-0.5,52
6577307,52,2,9,1,-0.5,1,2,0.5,52
6577307,52,9,9,1,0.5,1,2,0.5,52
6577307,52,5,6,2,-0.5,1,2,0.5,52
6577307,52,2,12,2,0.5,1,2,0.5,52
6577350,53,6,6,2,-0.5,1,2,-0.5,53
6577350,53,11,12,2,0.5,1,2,-0.5,53
6577350,53,4,9,1,-0.5,1,2,0.5,53
6577350,53,7,9,1,0.5,1,2,0.5,53
6577350,53,6,6,2,-0.5,1,2,0.5,53
6577350,53,11,12,2,0.5,1,2,0.5,53
6577363,54,4,6,2,-0.5,1,2,-0.5,54
6577363,54,7,12,2,0.5,1,2,-0.5,54
6577363,54,6,9,1,-0.5,1,2,0.5,54
6577363,54,3,9,1,0.5,1,2,0.5,54
6577363,54,3,6,2,-0.5,1,2,0.5,54
6577363,54,5,12,2,0.5,1,2,0.5,54
6577883,55,6,6,2,-0.5,1,2,-0.5,55
6577883,55,12,12,2,0.5,1,2,-0.5,55
6577883,55,7,9,1,-0.5,1,2,0.5,55
6577883,55,1,9,1,0.5,1,2,0.5,55
6577883,55,3,6,2,-0.5,1,2,0.5,55
6577883,55,12,12,2,0.5,1,2,0.5,55
6581471,56,3,6,2,-0.5,1,2,-0.5,56
6581471,56,9,12,2,0.5,1,2,-0.5,56
6581471,56,7,9,1,-0.5,1,2,0.5,56
6581471,56,8,9,1,0.5,1,2,0.5,56
6581471,56,3,6,2,-0.5,1,2,0.5,56
6581471,56,10,12,2,0.5,1,2,0.5,56
6581416,57,5,6,2,-0.5,1,2,-0.5,57
6581416,57,10,12,2,0.5,1,2,-0.5,57
6581416,57,6,9,1,-0.5,1,2,0.5,57
6581416,57,6,9,1,0.5,1,2,0.5,57
6581416,57,5,6,2,-0.5,1,2,0.5,57
6581416,57,9,12,2,0.5,1,2,0.5,57
6581441,58,6,6,2,-0.5,1,2,-0.5,58
6581441,58,10,12,2,0.5,1,2,-0.5,58
6581441,58,3,9,1,-0.5,1,2,0.5,58
6581441,58,7,9,1,0.5,1,2,0.5,58
6581441,58,5,6,2,-0.5,1,2,0.5,58
6581441,58,6,12,2,0.5,1,2,0.5,58
6583063,59,4,6,2,-0.5,1,2,-0.5,59
6583063,59,10,12,2,0.5,1,2,-0.5,59
6583063,59,8,9,1,-0.5,1,2,0.5,59
6583063,59,7,9,1,0.5,1,2,0.5,59
6583063,59,2,6,2,-0.5,1,2,0.5,59
6583063,59,6,12,2,0.5,1,2,0.5,59
6583120,60,5,6,2,-0.5,1,2,-0.5,60
6583120,60,11,12,2,0.5,1,2,-0.5,60
6583120,60,9,9,1,-0.5,1,2,0.5,60
6583120,60,6,9,1,0.5,1,2,0.5,60
6583120,60,5,6,2,-0.5,1,2,0.5,60
6583120,60,11,12,2,0.5,1,2,0.5,60
6583099,61,5,6,2,-0.5,1,2,-0.5,61
6583099,61,8,12,2,0.5,1,2,-0.5,61
6583099,61,4,9,1,-0.5,1,2,0.5,61
6583099,61,2,9,1,0.5,1,2,0.5,61
6583099,61,3,6,2,-0.5,1,2,0.5,61
6583099,61,8,12,2,0.5,1,2,0.5,61
6583198,62,5,6,2,-0.5,1,2,-0.5,62
6583198,62,9,12,2,0.5,1,2,-0.5,62
6583198,62,3,9,1,-0.5,1,2,0.5,62
6583198,62,7,9,1,0.5,1,2,0.5,62
6583198,62,1,6,2,-0.5,1,2,0.5,62
6583198,62,5,12,2,0.5,1,2,0.5,62
6576593,63,3,6,2,-0.5,-1,1,-0.5,63
6576593,63,6,12,2,0.5,-1,1,-0.5,63
6576593,63,8,9,1,-0.5,-1,1,0.5,63
6576593,63,9,9,1,0.5,-1,1,0.5,63
6576593,63,0,6,2,-0.5,-1,1,0.5,63
6576593,63,9,12,2,0.5,-1,1,0.5,63
6576627,64,3,6,2,-0.5,-1,1,-0.5,64
6576627,64,6,12,2,0.5,-1,1,-0.5,64
6576627,64,9,9,1,-0.5,-1,1,0.5,64
6576627,64,9,9,1,0.5,-1,1,0.5,64
6576627,64,4,6,2,-0.5,-1,1,0.5,64
6576627,64,10,12,2,0.5,-1,1,0.5,64
6576713,65,5,6,2,-0.5,-1,1,-0.5,65
6576713,65,7,12,2,0.5,-1,1,-0.5,65
6576713,65,6,9,1,-0.5,-1,1,0.5,65
6576713,65,8,9,1,0.5,-1,1,0.5,65
6576713,65,2,6,2,-0.5,-1,1,0.5,65
6576713,65,7,12,2,0.5,-1,1,0.5,65
6577329,66,1,6,2,-0.5,-1,1,-0.5,66
6577329,66,7,12,2,0.5,-1,1,-0.5,66
6577329,66,7,9,1,-0.5,-1,1,0.5,66
6577329,66,9,9,1,0.5,-1,1,0.5,66
6577329,66,4,6,2,-0.5,-1,1,0.5,66
6577329,66,8,12,2,0.5,-1,1,0.5,66
6577309,67,5,6,2,-0.5,-1,1,-0.5,67
6577309,67,9,12,2,0.5,-1,1,-0.5,67
6577309,67,9,9,1,-0.5,-1,1,0.5,67
6577309,67,9,9,1,0.5,-1,1,0.5,67
6577309,67,4,6,2,-0.5,-1,1,0.5,67
6577309,67,11,12,2,0.5,-1,1,0.5,67
6577391,68,2,6,2,-0.5,-1,1,-0.5,68
6577391,68,6,12,2,0.5,-1,1,-0.5,68
6577391,68,8,9,1,-0.5,-1,1,0.5,68
6577391,68,7,9,1,0.5,-1,1,0.5,68
6577391,68,3,6,2,-0.5,-1,1,0.5,68
6577391,68,11,12,2,0.5,-1,1,0.5,68
6577369,69,5,6,2,-0.5,-1,1,-0.5,69
6577369,69,12,12,2,0.5,-1,1,-0.5,69
6577369,69,8,9,1,-0.5,-1,1,0.5,69
6577369,69,5,9,1,0.5,-1,1,0.5,69
6577369,69,5,6,2,-0.5,-1,1,0.5,69
6577369,69,8,12,2,0.5,-1,1,0.5,69
6577895,70,4,6,2,-0.5,-1,1,-0.5,70
6577895,70,11,12,2,0.5,-1,1,-0.5,70
6577895,70,3,9,1,-0.5,-1,1,0.5,70
6577895,70,4,9,1,0.5,-1,1,0.5,70
6577895,70,2,6,2,-0.5,-1,1,0.5,70
6577895,70,5,12,2,0.5,-1,1,0.5,70
6581421,71,6,6,2,-0.5,-1,1,-0.5,71
6581421,71,11,12,2,0.5,-1,1,-0.5,71
6581421,71,9,9,1,-0.5,-1,1,0.5,71
6581421,71,9,9,1,0.5,-1,1,0.5,71
6581421,71,6,6,2,-0.5,-1,1,0.5,71
6581421,71,11,12,2,0.5,-1,1,0.5,71
6581462,72,3,6,2,-0.5,-1,1,-0.5,72
6581462,72,4,12,2,0.5,-1,1,-0.5,72
6581462,72,4,9,1,-0.5,-1,1,0.5,72
6581462,72,5,9,1,0.5,-1,1,0.5,72
6581462,72,2,6,2,-0.5,-1,1,0.5,72
6581462,72,5,12,2,0.5,-1,1,0.5,72
6581463,73,6,6,2,-0.5,-1,1,-0.5,73
6581463,73,9,12,2,0.5,-1,1,-0.5,73
6581463,73,9,9,1,-0.5,-1,1,0.5,73
6581463,73,9,9,1,0.5,-1,1,0.5,73
6581463,73,6,6,2,-0.5,-1,1,0.5,73
6581463,73,10,12,2,0.5,-1,1,0.5,73
6581651,74,3,6,2,-0.5,-1,1,-0.5,74
6581651,74,6,12,2,0.5,-1,1,-0.5,74
6581651,74,5,9,1,-0.5,-1,1,0.5,74
6581651,74,2,9,1,0.5,-1,1,0.5,74
6581651,74,3,6,2,-0.5,-1,1,0.5,74
6581651,74,4,12,2,0.5,-1,1,0.5,74
6583074,75,2,6,2,-0.5,-1,1,-0.5,75
6583074,75,7,12,2,0.5,-1,1,-0.5,75
6583074,75,4,9,1,-0.5,-1,1,0.5,75
6583074,75,5,9,1,0.5,-1,1,0.5,75
6583074,75,3,6,2,-0.5,-1,1,0.5,75
6583074,75,5,12,2,0.5,-1,1,0.5,75
6582974,76,4,6,2,-0.5,-1,1,-0.5,76
6582974,76,8,12,2,0.5,-1,1,-0.5,76
6582974,76,9,9,1,-0.5,-1,1,0.5,76
6582974,76,9,9,1,0.5,-1,1,0.5,76
6582974,76,2,6,2,-0.5,-1,1,0.5,76
6582974,76,7,12,2,0.5,-1,1,0.5,76
6583057,77,6,6,2,-0.5,-1,1,-0.5,77
6583057,77,12,12,2,0.5,-1,1,-0.5,77
6583057,77,4,9,1,-0.5,-1,1,0.5,77
6583057,77,2,9,1,0.5,-1,1,0.5,77
6583057,77,6,6,2,-0.5,-1,1,0.5,77
6583057,77,11,12,2,0.5,-1,1,0.5,77
6576586,78,2,6,2,-0.5,1,2,-0.5,78
6576586,78,6,12,2,0.5,1,2,-0.5,78
6576586,78,4,9,1,-0.5,1,2,0.5,78
6576586,78,4,9,1,0.5,1,2,0.5,78
6576586,78,3,6,2,-0.5,1,2,0.5,78
6576586,78,6,12,2,0.5,1,2,0.5,78
6576561,79,4,6,2,-0.5,1,2,-0.5,79
6576561,79,9,12,2,0.5,1,2,-0.5,79
6576561,79,7,9,1,-0.5,1,2,0.5,79
6576561,79,3,9,1,0.5,1,2,0.5,79
6576561,79,0,6,2,-0.5,1,2,0.5,79
6576561,79,8,12,2,0.5,1,2,0.5,79
6576605,80,3,6,2,-0.5,1,2,-0.5,80
6576605,80,6,12,2,0.5,1,2,-0.5,80
6576605,80,5,9,1,-0.5,1,2,0.5,80
6576605,80,5,9,1,0.5,1,2,0.5,80
6576605,80,1,6,2,-0.5,1,2,0.5,80
6576605,80,5,12,2,0.5,1,2,0.5,80
6577317,81,3,6,2,-0.5,1,2,-0.5,81
6577317,81,7,12,2,0.5,1,2,-0.5,81
6577317,81,1,9,1,-0.5,1,2,0.5,81
6577317,81,0,9,1,0.5,1,2,0.5,81
6577317,81,4,6,2,-0.5,1,2,0.5,81
6577317,81,5,12,2,0.5,1,2,0.5,81
6577312,82,6,6,2,-0.5,1,2,-0.5,82
6577312,82,12,12,2,0.5,1,2,-0.5,82
6577312,82,7,9,1,-0.5,1,2,0.5,82
6577312,82,6,9,1,0.5,1,2,0.5,82
6577312,82,6,6,2,-0.5,1,2,0.5,82
6577312,82,12,12,2,0.5,1,2,0.5,82
6577360,83,5,6,2,-0.5,1,2,-0.5,83
6577360,83,12,12,2,0.5,1,2,-0.5,83
6577360,83,5,9,1,-0.5,1,2,0.5,83
6577360,83,3,9,1,0.5,1,2,0.5,83
6577360,83,4,6,2,-0.5,1,2,0.5,83
6577360,83,7,12,2,0.5,1,2,0.5,83
6577344,84,4,6,2,-0.5,1,2,-0.5,84
6577344,84,10,12,2,0.5,1,2,-0.5,84
6577344,84,6,9,1,-0.5,1,2,0.5,84
6577344,84,6,9,1,0.5,1,2,0.5,84
6577344,84,4,6,2,-0.5,1,2,0.5,84
6577344,84,6,12,2,0.5,1,2,0.5,84
6581425,86,6,6,2,-0.5,1,2,-0.5,85
6581425,86,11,12,2,0.5,1,2,-0.5,85
6581425,86,3,9,1,-0.5,1,2,0.5,85
6581425,86,4,9,1,0.5,1,2,0.5,85
6581425,86,2,6,2,-0.5,1,2,0.5,85
6581425,86,7,12,2,0.5,1,2,0.5,85
6581451,87,4,6,2,-0.5,1,2,-0.5,86
6581451,87,5,12,2,0.5,1,2,-0.5,86
6581451,87,4,9,1,-0.5,1,2,0.5,86
6581451,87,4,9,1,0.5,1,2,0.5,86
6581451,87,1,6,2,-0.5,1,2,0.5,86
6581451,87,8,12,2,0.5,1,2,0.5,86
6581516,88,4,6,2,-0.5,1,2,-0.5,87
6581516,88,10,12,2,0.5,1,2,-0.5,87
6581516,88,4,9,1,-0.5,1,2,0.5,87
6581516,88,6,9,1,0.5,1,2,0.5,87
6581516,88,4,6,2,-0.5,1,2,0.5,87
6581516,88,8,12,2,0.5,1,2,0.5,87
6581464,89,6,6,2,-0.5,1,2,-0.5,88
6581464,89,10,12,2,0.5,1,2,-0.5,88
6581464,89,8,9,1,-0.5,1,2,0.5,88
6581464,89,6,9,1,0.5,1,2,0.5,88
6581464,89,4,6,2,-0.5,1,2,0.5,88
6581464,89,11,12,2,0.5,1,2,0.5,88
6582981,90,4,6,2,-0.5,1,2,-0.5,89
6582981,90,10,12,2,0.5,1,2,-0.5,89
6582981,90,6,9,1,-0.5,1,2,0.5,89
6582981,90,8,9,1,0.5,1,2,0.5,89
6582981,90,4,6,2,-0.5,1,2,0.5,89
6582981,90,10,12,2,0.5,1,2,0.5,89
6583066,91,6,6,2,-0.5,1,2,-0.5,90
6583066,91,11,12,2,0.5,1,2,-0.5,90
6583066,91,2,9,1,-0.5,1,2,0.5,90
6583066,91,5,9,1,0.5,1,2,0.5,90
6583066,91,4,6,2,-0.5,1,2,0.5,90
6583066,91,7,12,2,0.5,1,2,0.5,90
6583421,92,6,6,2,-0.5,1,2,-0.5,91
6583421,92,4,12,2,0.5,1,2,-0.5,91
6583421,92,7,9,1,-0.5,1,2,0.5,91
6583421,92,3,9,1,0.5,1,2,0.5,91
6583421,92,4,6,2,-0.5,1,2,0.5,91
6583421,92,5,12,2,0.5,1,2,0.5,91
6582991,93,5,6,2,-0.5,1,2,-0.5,92
6582991,93,7,12,2,0.5,1,2,-0.5,92
6582991,93,8,9,1,-0.5,1,2,0.5,92
6582991,93,7,9,1,0.5,1,2,0.5,92
6582991,93,3,6,2,-0.5,1,2,0.5,92
6582991,93,4,12,2,0.5,1,2,0.5,92
6576548,94,6,6,2,-0.5,-1,1,-0.5,93
6576548,94,6,12,2,0.5,-1,1,-0.5,93
6576548,94,9,9,1,-0.5,-1,1,0.5,93
6576548,94,9,9,1,0.5,-1,1,0.5,93
6576548,94,1,6,2,-0.5,-1,1,0.5,93
6576548,94,7,12,2,0.5,-1,1,0.5,93
6576640,95,4,6,2,-0.5,-1,1,-0.5,94
6576640,95,9,12,2,0.5,-1,1,-0.5,94
6576640,95,3,9,1,-0.5,-1,1,0.5,94
6576640,95,3,9,1,0.5,-1,1,0.5,94
6576640,95,5,6,2,-0.5,-1,1,0.5,94
6576640,95,9,12,2,0.5,-1,1,0.5,94
6576603,96,2,6,2,-0.5,-1,1,-0.5,95
6576603,96,6,12,2,0.5,-1,1,-0.5,95
6576603,96,7,9,1,-0.5,-1,1,0.5,95
6576603,96,6,9,1,0.5,-1,1,0.5,95
6576603,96,4,6,2,-0.5,-1,1,0.5,95
6576603,96,5,12,2,0.5,-1,1,0.5,95
6576774,97,3,6,2,-0.5,-1,1,-0.5,96
6576774,97,5,12,2,0.5,-1,1,-0.5,96
6576774,97,4,9,1,-0.5,-1,1,0.5,96
6576774,97,4,9,1,0.5,-1,1,0.5,96
6576774,97,3,6,2,-0.5,-1,1,0.5,96
6576774,97,1,12,2,0.5,-1,1,0.5,96
6577301,98,5,6,2,-0.5,-1,1,-0.5,97
6577301,98,11,12,2,0.5,-1,1,-0.5,97
6577301,98,9,9,1,-0.5,-1,1,0.5,97
6577301,98,8,9,1,0.5,-1,1,0.5,97
6577301,98,5,6,2,-0.5,-1,1,0.5,97
6577301,98,10,12,2,0.5,-1,1,0.5,97
6577338,99,2,6,2,-0.5,-1,1,-0.5,98
6577338,99,7,12,2,0.5,-1,1,-0.5,98
6577338,99,1,9,1,-0.5,-1,1,0.5,98
6577338,99,5,9,1,0.5,-1,1,0.5,98
6577338,99,4,6,2,-0.5,-1,1,0.5,98
6577338,99,6,12,2,0.5,-1,1,0.5,98
6581436,101,5,6,2,-0.5,-1,1,-0.5,99
6581436,101,8,12,2,0.5,-1,1,-0.5,99
6581436,101,7,9,1,-0.5,-1,1,0.5,99
6581436,101,9,9,1,0.5,-1,1,0.5,99
6581436,101,4,6,2,-0.5,-1,1,0.5,99
6581436,101,10,12,2,0.5,-1,1,0.5,99
6581431,102,3,6,2,-0.5,-1,1,-0.5,100
6581431,102,7,12,2,0.5,-1,1,-0.5,100
6581431,102,9,9,1,-0.5,-1,1,0.5,100
6581431,102,9,9,1,0.5,-1,1,0.5,100
6581431,102,3,6,2,-0.5,-1,1,0.5,100
6581431,102,8,12,2,0.5,-1,1,0.5,100
6581419,103,4,6,2,-0.5,-1,1,-0.5,101
6581419,103,7,12,2,0.5,-1,1,-0.5,101
6581419,103,9,9,1,-0.5,-1,1,0.5,101
6581419,103,8,9,1,0.5,-1,1,0.5,101
6581419,103,2,6,2,-0.5,-1,1,0.5,101
6581419,103,5,12,2,0.5,-1,1,0.5,101
6581469,104,4,6,2,-0.5,-1,1,-0.5,102
6581469,104,8,12,2,0.5,-1,1,-0.5,102
6581469,104,6,9,1,-0.5,-1,1,0.5,102
6581469,104,4,9,1,0.5,-1,1,0.5,102
6581469,104,3,6,2,-0.5,-1,1,0.5,102
6581469,104,6,12,2,0.5,-1,1,0.5,102
6582871,105,6,6,2,-0.5,-1,1,-0.5,103
6582871,105,11,12,2,0.5,-1,1,-0.5,103
6582871,105,9,9,1,-0.5,-1,1,0.5,103
6582871,105,9,9,1,0.5,-1,1,0.5,103
6582871,105,5,6,2,-0.5,-1,1,0.5,103
6582871,105,11,12,2,0.5,-1,1,0.5,103
6583058,106,3,6,2,-0.5,-1,1,-0.5,104
6583058,106,2,12,2,0.5,-1,1,-0.5,104
6583058,106,9,9,1,-0.5,-1,1,0.5,104
6583058,106,9,9,1,0.5,-1,1,0.5,104
6583058,106,3,6,2,-0.5,-1,1,0.5,104
6583058,106,8,12,2,0.5,-1,1,0.5,104
6583073,107,3,6,2,-0.5,-1,1,-0.5,105
6583073,107,11,12,2,0.5,-1,1,-0.5,105
6583073,107,9,9,1,-0.5,-1,1,0.5,105
6583073,107,8,9,1,0.5,-1,1,0.5,105
6583073,107,2,6,2,-0.5,-1,1,0.5,105
6583073,107,12,12,2,0.5,-1,1,0.5,105
6583134,108,6,6,2,-0.5,-1,1,-0.5,106
6583134,108,4,12,2,0.5,-1,1,-0.5,106
6583134,108,9,9,1,-0.5,-1,1,0.5,106
6583134,108,9,9,1,0.5,-1,1,0.5,106
6583134,108,2,6,2,-0.5,-1,1,0.5,106
6583134,108,4,12,2,0.5,-1,1,0.5,106
6583843,109,3,6,2,-0.5,-1,1,-0.5,107
6583843,109,9,12,2,0.5,-1,1,-0.5,107
6583843,109,7,9,1,-0.5,-1,1,0.5,107
6583843,109,6,9,1,0.5,-1,1,0.5,107
6583843,109,3,6,2,-0.5,-1,1,0.5,107
6583843,109,7,12,2,0.5,-1,1,0.5,107
6576538,110,4,6,2,-0.5,1,2,-0.5,108
6576538,110,10,12,2,0.5,1,2,-0.5,108
6576538,110,7,9,1,-0.5,1,2,0.5,108
6576538,110,9,9,1,0.5,1,2,0.5,108
6576538,110,4,6,2,-0.5,1,2,0.5,108
6576538,110,9,12,2,0.5,1,2,0.5,108
6576604,111,5,6,2,-0.5,1,2,-0.5,109
6576604,111,12,12,2,0.5,1,2,-0.5,109
6576604,111,3,9,1,-0.5,1,2,0.5,109
6576604,111,5,9,1,0.5,1,2,0.5,109
6576604,111,3,6,2,-0.5,1,2,0.5,109
6576604,111,8,12,2,0.5,1,2,0.5,109
6576661,112,3,6,2,-0.5,1,2,-0.5,110
6576661,112,9,12,2,0.5,1,2,-0.5,110
6576661,112,4,9,1,-0.5,1,2,0.5,110
6576661,112,5,9,1,0.5,1,2,0.5,110
6576661,112,4,6,2,-0.5,1,2,0.5,110
6576661,112,4,12,2,0.5,1,2,0.5,110
6577334,113,6,6,2,-0.5,1,2,-0.5,111
6577334,113,6,12,2,0.5,1,2,-0.5,111
6577334,113,7,9,1,-0.5,1,2,0.5,111
6577334,113,8,9,1,0.5,1,2,0.5,111
6577334,113,5,6,2,-0.5,1,2,0.5,111
6577334,113,12,12,2,0.5,1,2,0.5,111
6577319,114,4,6,2,-0.5,1,2,-0.5,112
6577319,114,5,12,2,0.5,1,2,-0.5,112
6577319,114,2,9,1,-0.5,1,2,0.5,112
6577319,114,3,9,1,0.5,1,2,0.5,112
6577319,114,2,6,2,-0.5,1,2,0.5,112
6577319,114,6,12,2,0.5,1,2,0.5,112
6577401,115,5,6,2,-0.5,1,2,-0.5,113
6577401,115,9,12,2,0.5,1,2,-0.5,113
6577401,115,1,9,1,-0.5,1,2,0.5,113
6577401,115,8,9,1,0.5,1,2,0.5,113
6577401,115,4,6,2,-0.5,1,2,0.5,113
6577401,115,6,12,2,0.5,1,2,0.5,113
6577345,116,1,6,2,-0.5,1,2,-0.5,114
6577345,116,6,12,2,0.5,1,2,-0.5,114
6577345,116,5,9,1,-0.5,1,2,0.5,114
6577345,116,3,9,1,0.5,1,2,0.5,114
6577345,116,2,6,2,-0.5,1,2,0.5,114
6577345,116,6,12,2,0.5,1,2,0.5,114
6577879,117,5,6,2,-0.5,1,2,-0.5,115
6577879,117,10,12,2,0.5,1,2,-0.5,115
6577879,117,4,9,1,-0.5,1,2,0.5,115
6577879,117,7,9,1,0.5,1,2,0.5,115
6577879,117,4,6,2,-0.5,1,2,0.5,115
6577879,117,6,12,2,0.5,1,2,0.5,115
6581442,118,5,6,2,-0.5,1,2,-0.5,116
6581442,118,6,12,2,0.5,1,2,-0.5,116
6581442,118,5,9,1,-0.5,1,2,0.5,116
6581442,118,3,9,1,0.5,1,2,0.5,116
6581442,118,1,6,2,-0.5,1,2,0.5,116
6581442,118,9,12,2,0.5,1,2,0.5,116
6581449,119,3,6,2,-0.5,1,2,-0.5,117
6581449,119,7,12,2,0.5,1,2,-0.5,117
6581449,119,6,9,1,-0.5,1,2,0.5,117
6581449,119,7,9,1,0.5,1,2,0.5,117
6581449,119,2,6,2,-0.5,1,2,0.5,117
6581449,119,9,12,2,0.5,1,2,0.5,117
6581486,120,5,6,2,-0.5,1,2,-0.5,118
6581486,120,10,12,2,0.5,1,2,-0.5,118
6581486,120,7,9,1,-0.5,1,2,0.5,118
6581486,120,9,9,1,0.5,1,2,0.5,118
6581486,120,5,6,2,-0.5,1,2,0.5,118
6581486,120,8,12,2,0.5,1,2,0.5,118
6581500,121,1,6,2,-0.5,1,2,-0.5,119
6581500,121,5,12,2,0.5,1,2,-0.5,119
6581500,121,1,9,1,-0.5,1,2,0.5,119
6581500,121,9,9,1,0.5,1,2,0.5,119
6581500,121,2,6,2,-0.5,1,2,0.5,119
6581500,121,7,12,2,0.5,1,2,0.5,119
6582987,122,5,6,2,-0.5,1,2,-0.5,120
6582987,122,9,12,2,0.5,1,2,-0.5,120
6582987,122,0,9,1,-0.5,1,2,0.5,120
6582987,122,5,9,1,0.5,1,2,0.5,120
6582987,122,5,6,2,-0.5,1,2,0.5,120
6582987,122,10,12,2,0.5,1,2,0.5,120
6582986,123,0,6,2,-0.5,1,2,-0.5,121
6582986,123,8,12,2,0.5,1,2,-0.5,121
6582986,123,6,9,1,-0.5,1,2,0.5,121
6582986,123,5,9,1,0.5,1,2,0.5,121
6582986,123,3,6,2,-0.5,1,2,0.5,121
6582986,123,3,12,2,0.5,1,2,0.5,121
6583190,124,4,6,2,-0.5,1,2,-0.5,122
6583190,124,6,12,2,0.5,1,2,-0.5,122
6583190,124,3,9,1,-0.5,1,2,0.5,122
6583190,124,6,9,1,0.5,1,2,0.5,122
6583190,124,4,6,2,-0.5,1,2,0.5,122
6583190,124,3,12,2,0.5,1,2,0.5,122
6583966,125,5,6,2,-0.5,1,2,-0.5,123
6583966,125,5,12,2,0.5,1,2,-0.5,123
6583966,125,2,9,1,-0.5,1,2,0.5,123
6583966,125,8,9,1,0.5,1,2,0.5,123
6583966,125,3,6,2,-0.5,1,2,0.5,123
6583966,125,3,12,2,0.5,1,2,0.5,123
6576552,126,4,9,1,-0.5,-1,1,-0.5,124
6576552,126,3,9,1,0.5,-1,1,-0.5,124
6576552,126,2,6,3,-0.5,-1,1,-0.5,124
6576552,126,2,6,3,-0.5,-1,1,0.5,124
6576609,127,7,9,1,-0.5,-1,1,-0.5,125
6576609,127,5,9,1,0.5,-1,1,-0.5,125
6576609,127,4,6,3,-0.5,-1,1,-0.5,125
6576609,127,4,6,3,-0.5,-1,1,0.5,125
6576642,128,7,9,1,-0.5,-1,1,-0.5,126
6576642,128,6,9,1,0.5,-1,1,-0.5,126
6576642,128,6,6,3,-0.5,-1,1,-0.5,126
6576642,128,3,6,3,-0.5,-1,1,0.5,126
6576935,129,9,9,1,-0.5,-1,1,-0.5,127
6576935,129,5,9,1,0.5,-1,1,-0.5,127
6576935,129,3,6,3,-0.5,-1,1,-0.5,127
6576935,129,4,6,3,-0.5,-1,1,0.5,127
6577354,130,8,9,1,-0.5,-1,1,-0.5,128
6577354,130,9,9,1,0.5,-1,1,-0.5,128
6577354,130,6,6,3,-0.5,-1,1,-0.5,128
6577354,130,5,6,3,-0.5,-1,1,0.5,128
6577335,131,9,9,1,-0.5,-1,1,-0.5,129
6577335,131,7,9,1,0.5,-1,1,-0.5,129
6577335,131,6,6,3,-0.5,-1,1,-0.5,129
6577335,131,6,6,3,-0.5,-1,1,0.5,129
6577339,132,5,9,1,-0.5,-1,1,-0.5,130
6577339,132,5,9,1,0.5,-1,1,-0.5,130
6577339,132,3,6,3,-0.5,-1,1,-0.5,130
6577339,132,3,6,3,-0.5,-1,1,0.5,130
6577733,133,8,9,1,-0.5,-1,1,-0.5,131
6577733,133,6,9,1,0.5,-1,1,-0.5,131
6577733,133,5,6,3,-0.5,-1,1,-0.5,131
6577733,133,3,6,3,-0.5,-1,1,0.5,131
6581414,134,9,9,1,-0.5,-1,1,-0.5,132
6581414,134,9,9,1,0.5,-1,1,-0.5,132
6581414,134,1,6,3,-0.5,-1,1,-0.5,132
6581414,134,2,6,3,-0.5,-1,1,0.5,132
6581435,135,8,9,1,-0.5,-1,1,-0.5,133
6581435,135,7,9,1,0.5,-1,1,-0.5,133
6581435,135,4,6,3,-0.5,-1,1,-0.5,133
6581435,135,2,6,3,-0.5,-1,1,0.5,133
6581440,136,9,9,1,-0.5,-1,1,-0.5,134
6581440,136,9,9,1,0.5,-1,1,-0.5,134
6581440,136,6,6,3,-0.5,-1,1,-0.5,134
6581440,136,2,6,3,-0.5,-1,1,0.5,134
6581656,137,9,9,1,-0.5,-1,1,-0.5,135
6581656,137,5,9,1,0.5,-1,1,-0.5,135
6581656,137,5,6,3,-0.5,-1,1,-0.5,135
6581656,137,6,6,3,-0.5,-1,1,0.5,135
6583002,138,5,9,1,-0.5,-1,1,-0.5,136
6583002,138,7,9,1,0.5,-1,1,-0.5,136
6583002,138,2,6,3,-0.5,-1,1,-0.5,136
6583002,138,2,6,3,-0.5,-1,1,0.5,136
6582977,139,7,9,1,-0.5,-1,1,-0.5,137
6582977,139,4,9,1,0.5,-1,1,-0.5,137
6582977,139,5,6,3,-0.5,-1,1,-0.5,137
6582977,139,5,6,3,-0.5,-1,1,0.5,137
6583231,140,8,9,1,-0.5,-1,1,-0.5,138
6583231,140,8,9,1,0.5,-1,1,-0.5,138
6583231,140,5,6,3,-0.5,-1,1,-0.5,138
6583231,140,5,6,3,-0.5,-1,1,0.5,138
6576585,141,5,6,2,-0.5,1,2,-0.5,139
6576585,141,7,12,2,0.5,1,2,-0.5,139
6576585,141,8,9,1,-0.5,1,2,0.5,139
6576585,141,6,9,1,0.5,1,2,0.5,139
6576585,141,4,6,2,-0.5,1,2,0.5,139
6576585,141,5,12,2,0.5,1,2,0.5,139
6576616,142,4,6,2,-0.5,1,2,-0.5,140
6576616,142,6,12,2,0.5,1,2,-0.5,140
6576616,142,4,9,1,-0.5,1,2,0.5,140
6576616,142,3,9,1,0.5,1,2,0.5,140
6576616,142,2,6,2,-0.5,1,2,0.5,140
6576616,142,3,12,2,0.5,1,2,0.5,140
6576653,143,2,6,2,-0.5,1,2,-0.5,141
6576653,143,10,12,2,0.5,1,2,-0.5,141
6576653,143,6,9,1,-0.5,1,2,0.5,141
6576653,143,4,9,1,0.5,1,2,0.5,141
6576653,143,1,6,2,-0.5,1,2,0.5,141
6576653,143,7,12,2,0.5,1,2,0.5,141
6577327,145,3,6,2,-0.5,1,2,-0.5,142
6577327,145,6,12,2,0.5,1,2,-0.5,142
6577327,145,7,9,1,-0.5,1,2,0.5,142
6577327,145,9,9,1,0.5,1,2,0.5,142
6577327,145,3,6,2,-0.5,1,2,0.5,142
6577327,145,5,12,2,0.5,1,2,0.5,142
6577428,146,5,6,2,-0.5,1,2,-0.5,143
6577428,146,9,12,2,0.5,1,2,-0.5,143
6577428,146,5,9,1,-0.5,1,2,0.5,143
6577428,146,5,9,1,0.5,1,2,0.5,143
6577428,146,4,6,2,-0.5,1,2,0.5,143
6577428,146,7,12,2,0.5,1,2,0.5,143
6577308,147,4,6,2,-0.5,1,2,-0.5,144
6577308,147,11,12,2,0.5,1,2,-0.5,144
6577308,147,6,9,1,-0.5,1,2,0.5,144
6577308,147,8,9,1,0.5,1,2,0.5,144
6577308,147,3,6,2,-0.5,1,2,0.5,144
6577308,147,9,12,2,0.5,1,2,0.5,144
6581443,148,3,6,2,-0.5,1,2,-0.5,145
6581443,148,8,12,2,0.5,1,2,-0.5,145
6581443,148,5,9,1,-0.5,1,2,0.5,145
6581443,148,6,9,1,0.5,1,2,0.5,145
6581443,148,5,6,2,-0.5,1,2,0.5,145
6581443,148,8,12,2,0.5,1,2,0.5,145
6581422,149,4,6,2,-0.5,1,2,-0.5,146
6581422,149,10,12,2,0.5,1,2,-0.5,146
6581422,149,3,9,1,-0.5,1,2,0.5,146
6581422,149,6,9,1,0.5,1,2,0.5,146
6581422,149,4,6,2,-0.5,1,2,0.5,146
6581422,149,9,12,2,0.5,1,2,0.5,146
6581502,150,6,6,2,-0.5,1,2,-0.5,147
6581502,150,11,12,2,0.5,1,2,-0.5,147
6581502,150,8,9,1,-0.5,1,2,0.5,147
6581502,150,7,9,1,0.5,1,2,0.5,147
6581502,150,5,6,2,-0.5,1,2,0.5,147
6581502,150,10,12,2,0.5,1,2,0.5,147
6582996,151,5,6,2,-0.5,1,2,-0.5,148
6582996,151,10,12,2,0.5,1,2,-0.5,148
6582996,151,6,9,1,-0.5,1,2,0.5,148
6582996,151,7,9,1,0.5,1,2,0.5,148
6582996,151,4,6,2,-0.5,1,2,0.5,148
6582996,151,8,12,2,0.5,1,2,0.5,148
6583064,152,4,6,2,-0.5,1,2,-0.5,149
6583064,152,10,12,2,0.5,1,2,-0.5,149
6583064,152,5,9,1,-0.5,1,2,0.5,149
6583064,152,4,9,1,0.5,1,2,0.5,149
6583064,152,3,6,2,-0.5,1,2,0.5,149
6583064,152,5,12,2,0.5,1,2,0.5,149
6583059,153,2,6,2,-0.5,1,2,-0.5,150
6583059,153,8,12,2,0.5,1,2,-0.5,150
6583059,153,7,9,1,-0.5,1,2,0.5,150
6583059,153,8,9,1,0.5,1,2,0.5,150
6583059,153,3,6,2,-0.5,1,2,0.5,150
6583059,153,6,12,2,0.5,1,2,0.5,150
6583155,154,5,6,2,-0.5,1,2,-0.5,151
6583155,154,8,12,2,0.5,1,2,-0.5,151
6583155,154,2,9,1,-0.5,1,2,0.5,151
6583155,154,4,9,1,0.5,1,2,0.5,151
6583155,154,5,6,2,-0.5,1,2,0.5,151
6583155,154,3,12,2,0.5,1,2,0.5,151
6576590,155,8,9,1,-0.5,1,2,-0.5,152
6576590,155,6,9,1,0.5,1,2,-0.5,152
6576590,155,4,6,3,-0.5,1,2,-0.5,152
6576590,155,1,6,3,-0.5,1,2,0.5,152
6576723,156,8,9,1,-0.5,1,2,-0.5,153
6576723,156,9,9,1,0.5,1,2,-0.5,153
6576723,156,1,6,3,-0.5,1,2,-0.5,153
6576723,156,5,6,3,-0.5,1,2,0.5,153
6577041,157,9,9,1,-0.5,1,2,-0.5,154
6577041,157,9,9,1,0.5,1,2,-0.5,154
6577041,157,4,6,3,-0.5,1,2,-0.5,154
6577041,157,3,6,3,-0.5,1,2,0.5,154
6577342,158,5,9,1,-0.5,1,2,-0.5,155
6577342,158,5,9,1,0.5,1,2,-0.5,155
6577342,158,4,6,3,-0.5,1,2,-0.5,155
6577342,158,3,6,3,-0.5,1,2,0.5,155
6577346,159,9,9,1,-0.5,1,2,-0.5,156
6577346,159,5,9,1,0.5,1,2,-0.5,156
6577346,159,3,6,3,-0.5,1,2,-0.5,156
6577346,159,1,6,3,-0.5,1,2,0.5,156
6577419,160,7,9,1,-0.5,1,2,-0.5,157
6577419,160,7,9,1,0.5,1,2,-0.5,157
6577419,160,3,6,3,-0.5,1,2,-0.5,157
6577419,160,5,6,3,-0.5,1,2,0.5,157
6577715,161,7,9,1,-0.5,1,2,-0.5,158
6577715,161,8,9,1,0.5,1,2,-0.5,158
6577715,161,4,6,3,-0.5,1,2,-0.5,158
6577715,161,1,6,3,-0.5,1,2,0.5,158
6581427,162,6,9,1,-0.5,1,2,-0.5,159
6581427,162,4,9,1,0.5,1,2,-0.5,159
6581427,162,4,6,3,-0.5,1,2,-0.5,159
6581427,162,2,6,3,-0.5,1,2,0.5,159
6581506,163,8,9,1,-0.5,1,2,-0.5,160
6581506,163,5,9,1,0.5,1,2,-0.5,160
6581506,163,6,6,3,-0.5,1,2,-0.5,160
6581506,163,2,6,3,-0.5,1,2,0.5,160
6581549,164,8,9,1,-0.5,1,2,-0.5,161
6581549,164,7,9,1,0.5,1,2,-0.5,161
6581549,164,6,6,3,-0.5,1,2,-0.5,161
6581549,164,6,6,3,-0.5,1,2,0.5,161
6581527,165,4,9,1,-0.5,1,2,-0.5,162
6581527,165,6,9,1,0.5,1,2,-0.5,162
6581527,165,2,6,3,-0.5,1,2,-0.5,162
6581527,165,3,6,3,-0.5,1,2,0.5,162
6583067,166,6,9,1,-0.5,1,2,-0.5,163
6583067,166,4,9,1,0.5,1,2,-0.5,163
6583067,166,3,6,3,-0.5,1,2,-0.5,163
6583067,166,1,6,3,-0.5,1,2,0.5,163
6582992,167,5,9,1,-0.5,1,2,-0.5,164
6582992,167,7,9,1,0.5,1,2,-0.5,164
6582992,167,2,6,3,-0.5,1,2,-0.5,164
6582992,167,5,6,3,-0.5,1,2,0.5,164
6583005,168,5,9,1,-0.5,1,2,-0.5,165
6583005,168,7,9,1,0.5,1,2,-0.5,165
6583005,168,4,6,3,-0.5,1,2,-0.5,165
6583005,168,4,6,3,-0.5,1,2,0.5,165
6576599,169,5,6,2,-0.5,-1,1,-0.5,166
6576599,169,9,12,2,0.5,-1,1,-0.5,166
6576599,169,8,9,1,-0.5,-1,1,0.5,166
6576599,169,8,9,1,0.5,-1,1,0.5,166
6576599,169,4,6,2,-0.5,-1,1,0.5,166
6576599,169,10,12,2,0.5,-1,1,0.5,166
6576591,170,5,6,2,-0.5,-1,1,-0.5,167
6576591,170,9,12,2,0.5,-1,1,-0.5,167
6576591,170,8,9,1,-0.5,-1,1,0.5,167
6576591,170,5,9,1,0.5,-1,1,0.5,167
6576591,170,4,6,2,-0.5,-1,1,0.5,167
6576591,170,9,12,2,0.5,-1,1,0.5,167
6577316,171,2,6,2,-0.5,-1,1,-0.5,168
6577316,171,8,12,2,0.5,-1,1,-0.5,168
6577316,171,6,9,1,-0.5,-1,1,0.5,168
6577316,171,5,9,1,0.5,-1,1,0.5,168
6577316,171,3,6,2,-0.5,-1,1,0.5,168
6577316,171,7,12,2,0.5,-1,1,0.5,168
6577331,172,3,6,2,-0.5,-1,1,-0.5,169
6577331,172,12,12,2,0.5,-1,1,-0.5,169
6577331,172,9,9,1,-0.5,-1,1,0.5,169
6577331,172,8,9,1,0.5,-1,1,0.5,169
6577331,172,6,6,2,-0.5,-1,1,0.5,169
6577331,172,9,12,2,0.5,-1,1,0.5,169
6577314,173,4,6,2,-0.5,-1,1,-0.5,170
6577314,173,8,12,2,0.5,-1,1,-0.5,170
6577314,173,3,9,1,-0.5,-1,1,0.5,170
6577314,173,2,9,1,0.5,-1,1,0.5,170
6577314,173,3,6,2,-0.5,-1,1,0.5,170
6577314,173,4,12,2,0.5,-1,1,0.5,170
6577522,174,6,6,2,-0.5,-1,1,-0.5,171
6577522,174,8,12,2,0.5,-1,1,-0.5,171
6577522,174,4,9,1,-0.5,-1,1,0.5,171
6577522,174,3,9,1,0.5,-1,1,0.5,171
6577522,174,5,6,2,-0.5,-1,1,0.5,171
6577522,174,4,12,2,0.5,-1,1,0.5,171
6577668,175,5,6,2,-0.5,-1,1,-0.5,172
6577668,175,11,12,2,0.5,-1,1,-0.5,172
6577668,175,8,9,1,-0.5,-1,1,0.5,172
6577668,175,9,9,1,0.5,-1,1,0.5,172
6577668,175,6,6,2,-0.5,-1,1,0.5,172
6577668,175,11,12,2,0.5,-1,1,0.5,172
6581439,176,4,6,2,-0.5,-1,1,-0.5,173
6581439,176,10,12,2,0.5,-1,1,-0.5,173
6581439,176,5,9,1,-0.5,-1,1,0.5,173
6581439,176,6,9,1,0.5,-1,1,0.5,173
6581439,176,3,6,2,-0.5,-1,1,0.5,173
6581439,176,8,12,2,0.5,-1,1,0.5,173
6581466,177,5,6,2,-0.5,-1,1,-0.5,174
6581466,177,10,12,2,0.5,-1,1,-0.5,174
6581466,177,9,9,1,-0.5,-1,1,0.5,174
6581466,177,9,9,1,0.5,-1,1,0.5,174
6581466,177,6,6,2,-0.5,-1,1,0.5,174
6581466,177,9,12,2,0.5,-1,1,0.5,174
6581468,178,5,6,2,-0.5,-1,1,-0.5,175
6581468,178,11,12,2,0.5,-1,1,-0.5,175
6581468,178,5,9,1,-0.5,-1,1,0.5,175
6581468,178,2,9,1,0.5,-1,1,0.5,175
6581468,178,3,6,2,-0.5,-1,1,0.5,175
6581468,178,10,12,2,0.5,-1,1,0.5,175
6581893,179,1,6,2,-0.5,-1,1,-0.5,176
6581893,179,9,12,2,0.5,-1,1,-0.5,176
6581893,179,1,9,1,-0.5,-1,1,0.5,176
6581893,179,9,9,1,0.5,-1,1,0.5,176
6581893,179,2,6,2,-0.5,-1,1,0.5,176
6581893,179,6,12,2,0.5,-1,1,0.5,176
6583068,180,1,6,2,-0.5,-1,1,-0.5,177
6583068,180,9,12,2,0.5,-1,1,-0.5,177
6583068,180,4,9,1,-0.5,-1,1,0.5,177
6583068,180,4,9,1,0.5,-1,1,0.5,177
6583068,180,3,6,2,-0.5,-1,1,0.5,177
6583068,180,5,12,2,0.5,-1,1,0.5,177
6583056,181,5,6,2,-0.5,-1,1,-0.5,178
6583056,181,10,12,2,0.5,-1,1,-0.5,178
6583056,181,6,9,1,-0.5,-1,1,0.5,178
6583056,181,8,9,1,0.5,-1,1,0.5,178
6583056,181,6,6,2,-0.5,-1,1,0.5,178
6583056,181,9,12,2,0.5,-1,1,0.5,178
6582982,182,2,6,2,-0.5,-1,1,-0.5,179
6582982,182,4,12,2,0.5,-1,1,-0.5,179
6582982,182,9,9,1,-0.5,-1,1,0.5,179
6582982,182,9,9,1,0.5,-1,1,0.5,179
6582982,182,2,6,2,-0.5,-1,1,0.5,179
6582982,182,5,12,2,0.5,-1,1,0.5,179
6584767,183,5,6,2,-0.5,-1,1,-0.5,180
6584767,183,6,12,2,0.5,-1,1,-0.5,180
6584767,183,9,9,1,-0.5,-1,1,0.5,180
6584767,183,9,9,1,0.5,-1,1,0.5,180
6584767,183,3,6,2,-0.5,-1,1,0.5,180
6584767,183,2,12,2,0.5,-1,1,0.5,180
6576579,184,9,9,1,-0.5,-1,1,-0.5,181
6576579,184,9,9,1,0.5,-1,1,-0.5,181
6576579,184,4,6,3,-0.5,-1,1,-0.5,181
6576579,184,5,6,3,-0.5,-1,1,0.5,181
6576575,185,7,9,1,-0.5,-1,1,-0.5,182
6576575,185,8,9,1,0.5,-1,1,-0.5,182
6576575,185,1,6,3,-0.5,-1,1,-0.5,182
6576575,185,3,6,3,-0.5,-1,1,0.5,182
6576566,186,9,9,1,-0.5,-1,1,-0.5,183
6576566,186,9,9,1,0.5,-1,1,-0.5,183
6576566,186,5,6,3,-0.5,-1,1,-0.5,183
6576566,186,6,6,3,-0.5,-1,1,0.5,183
6577030,187,3,9,1,-0.5,-1,1,-0.5,184
6577030,187,7,9,1,0.5,-1,1,-0.5,184
6577030,187,3,6,3,-0.5,-1,1,-0.5,184
6577030,187,3,6,3,-0.5,-1,1,0.5,184
6577359,188,9,9,1,-0.5,-1,1,-0.5,185
6577359,188,9,9,1,0.5,-1,1,-0.5,185
6577359,188,6,6,3,-0.5,-1,1,-0.5,185
6577359,188,5,6,3,-0.5,-1,1,0.5,185
6577352,189,7,9,1,-0.5,-1,1,-0.5,186
6577352,189,8,9,1,0.5,-1,1,-0.5,186
6577352,189,5,6,3,-0.5,-1,1,-0.5,186
6577352,189,3,6,3,-0.5,-1,1,0.5,186
6577333,190,9,9,1,-0.5,-1,1,-0.5,187
6577333,190,9,9,1,0.5,-1,1,-0.5,187
6577333,190,6,6,3,-0.5,-1,1,-0.5,187
6577333,190,6,6,3,-0.5,-1,1,0.5,187
6577897,191,7,9,1,-0.5,-1,1,-0.5,188
6577897,191,9,9,1,0.5,-1,1,-0.5,188
6577897,191,3,6,3,-0.5,-1,1,-0.5,188
6577897,191,6,6,3,-0.5,-1,1,0.5,188
6581417,192,9,9,1,-0.5,-1,1,-0.5,189
6581417,192,9,9,1,0.5,-1,1,-0.5,189
6581417,192,3,6,3,-0.5,-1,1,-0.5,189
6581417,192,5,6,3,-0.5,-1,1,0.5,189
6581459,193,8,9,1,-0.5,-1,1,-0.5,190
6581459,193,9,9,1,0.5,-1,1,-0.5,190
6581459,193,3,6,3,-0.5,-1,1,-0.5,190
6581459,193,2,6,3,-0.5,-1,1,0.5,190
6581456,194,9,9,1,-0.5,-1,1,-0.5,191
6581456,194,8,9,1,0.5,-1,1,-0.5,191
6581456,194,5,6,3,-0.5,-1,1,-0.5,191
6581456,194,6,6,3,-0.5,-1,1,0.5,191
6582983,195,7,9,1,-0.5,-1,1,-0.5,192
6582983,195,3,9,1,0.5,-1,1,-0.5,192
6582983,195,2,6,3,-0.5,-1,1,-0.5,192
6582983,195,2,6,3,-0.5,-1,1,0.5,192
6583109,196,9,9,1,-0.5,-1,1,-0.5,193
6583109,196,9,9,1,0.5,-1,1,-0.5,193
6583109,196,3,6,3,-0.5,-1,1,-0.5,193
6583109,196,6,6,3,-0.5,-1,1,0.5,193
6582980,197,4,9,1,-0.5,-1,1,-0.5,194
6582980,197,2,9,1,0.5,-1,1,-0.5,194
6582980,197,2,6,3,-0.5,-1,1,-0.5,194
6582980,197,4,6,3,-0.5,-1,1,0.5,194
6583323,198,8,9,1,-0.5,-1,1,-0.5,195
6583323,198,9,9,1,0.5,-1,1,-0.5,195
6583323,198,6,6,3,-0.5,-1,1,-0.5,195
6583323,198,6,6,3,-0.5,-1,1,0.5,195
6576543,199,8,9,1,-0.5,1,2,-0.5,196
6576543,199,6,9,1,0.5,1,2,-0.5,196
6576543,199,4,6,3,-0.5,1,2,-0.5,196
6576543,199,6,6,3,-0.5,1,2,0.5,196
6576626,200,6,9,1,-0.5,1,2,-0.5,197
6576626,200,9,9,1,0.5,1,2,-0.5,197
6576626,200,2,6,3,-0.5,1,2,-0.5,197
6576626,200,5,6,3,-0.5,1,2,0.5,197
6576643,201,8,9,1,-0.5,1,2,-0.5,198
6576643,201,9,9,1,0.5,1,2,-0.5,198
6576643,201,2,6,3,-0.5,1,2,-0.5,198
6576643,201,3,6,3,-0.5,1,2,0.5,198
6576836,202,6,9,1,-0.5,1,2,-0.5,199
6576836,202,7,9,1,0.5,1,2,-0.5,199
6576836,202,6,6,3,-0.5,1,2,-0.5,199
6576836,202,5,6,3,-0.5,1,2,0.5,199
6577326,203,8,9,1,-0.5,1,2,-0.5,200
6577326,203,8,9,1,0.5,1,2,-0.5,200
6577326,203,6,6,3,-0.5,1,2,-0.5,200
6577326,203,6,6,3,-0.5,1,2,0.5,200
6577330,204,9,9,1,-0.5,1,2,-0.5,201
6577330,204,9,9,1,0.5,1,2,-0.5,201
6577330,204,5,6,3,-0.5,1,2,-0.5,201
6577330,204,5,6,3,-0.5,1,2,0.5,201
6577438,205,7,9,1,-0.5,1,2,-0.5,202
6577438,205,8,9,1,0.5,1,2,-0.5,202
6577438,205,4,6,3,-0.5,1,2,-0.5,202
6577438,205,5,6,3,-0.5,1,2,0.5,202
6581426,206,6,9,1,-0.5,1,2,-0.5,203
6581426,206,9,9,1,0.5,1,2,-0.5,203
6581426,206,3,6,3,-0.5,1,2,-0.5,203
6581426,206,3,6,3,-0.5,1,2,0.5,203
6581470,207,8,9,1,-0.5,1,2,-0.5,204
6581470,207,9,9,1,0.5,1,2,-0.5,204
6581470,207,6,6,3,-0.5,1,2,-0.5,204
6581470,207,5,6,3,-0.5,1,2,0.5,204
6581430,208,9,9,1,-0.5,1,2,-0.5,205
6581430,208,9,9,1,0.5,1,2,-0.5,205
6581430,208,5,6,3,-0.5,1,2,-0.5,205
6581430,208,6,6,3,-0.5,1,2,0.5,205
6582397,209,9,9,1,-0.5,1,2,-0.5,206
6582397,209,9,9,1,0.5,1,2,-0.5,206
6582397,209,4,6,3,-0.5,1,2,-0.5,206
6582397,209,4,6,3,-0.5,1,2,0.5,206
6583003,210,6,9,1,-0.5,1,2,-0.5,207
6583003,210,5,9,1,0.5,1,2,-0.5,207
6583003,210,4,6,3,-0.5,1,2,-0.5,207
6583003,210,1,6,3,-0.5,1,2,0.5,207
6583060,211,7,9,1,-0.5,1,2,-0.5,208
6583060,211,9,9,1,0.5,1,2,-0.5,208
6583060,211,5,6,3,-0.5,1,2,-0.5,208
6583060,211,3,6,3,-0.5,1,2,0.5,208
6583846,212,8,9,1,-0.5,1,2,-0.5,209
6583846,212,8,9,1,0.5,1,2,-0.5,209
6583846,212,6,6,3,-0.5,1,2,-0.5,209
6583846,212,4,6,3,-0.5,1,2,0.5,209
6576574,213,3,6,2,-0.5,-1,1,-0.5,210
6576574,213,3,12,2,0.5,-1,1,-0.5,210
6576574,213,9,9,1,-0.5,-1,1,0.5,210
6576574,213,9,9,1,0.5,-1,1,0.5,210
6576574,213,3,6,2,-0.5,-1,1,0.5,210
6576574,213,8,12,2,0.5,-1,1,0.5,210
6576598,214,6,6,2,-0.5,-1,1,-0.5,211
6576598,214,9,12,2,0.5,-1,1,-0.5,211
6576598,214,3,9,1,-0.5,-1,1,0.5,211
6576598,214,6,9,1,0.5,-1,1,0.5,211
6576598,214,5,6,2,-0.5,-1,1,0.5,211
6576598,214,5,12,2,0.5,-1,1,0.5,211
6576559,215,2,6,2,-0.5,-1,1,-0.5,212
6576559,215,8,12,2,0.5,-1,1,-0.5,212
6576559,215,6,9,1,-0.5,-1,1,0.5,212
6576559,215,3,9,1,0.5,-1,1,0.5,212
6576559,215,1,6,2,-0.5,-1,1,0.5,212
6576559,215,4,12,2,0.5,-1,1,0.5,212
6577304,216,6,6,2,-0.5,-1,1,-0.5,213
6577304,216,11,12,2,0.5,-1,1,-0.5,213
6577304,216,4,9,1,-0.5,-1,1,0.5,213
6577304,216,9,9,1,0.5,-1,1,0.5,213
6577304,216,5,6,2,-0.5,-1,1,0.5,213
6577304,216,8,12,2,0.5,-1,1,0.5,213
6577353,217,4,6,2,-0.5,-1,1,-0.5,214
6577353,217,3,12,2,0.5,-1,1,-0.5,214
6577353,217,4,9,1,-0.5,-1,1,0.5,214
6577353,217,3,9,1,0.5,-1,1,0.5,214
6577353,217,4,6,2,-0.5,-1,1,0.5,214
6577353,217,7,12,2,0.5,-1,1,0.5,214
6577397,218,5,6,2,-0.5,-1,1,-0.5,215
6577397,218,9,12,2,0.5,-1,1,-0.5,215
6577397,218,4,9,1,-0.5,-1,1,0.5,215
6577397,218,5,9,1,0.5,-1,1,0.5,215
6577397,218,3,6,2,-0.5,-1,1,0.5,215
6577397,218,5,12,2,0.5,-1,1,0.5,215
6577427,219,4,6,2,-0.5,-1,1,-0.5,216
6577427,219,4,12,2,0.5,-1,1,-0.5,216
6577427,219,1,9,1,-0.5,-1,1,0.5,216
6577427,219,6,9,1,0.5,-1,1,0.5,216
6577427,219,4,6,2,-0.5,-1,1,0.5,216
6577427,219,9,12,2,0.5,-1,1,0.5,216
6581437,220,3,6,2,-0.5,-1,1,-0.5,217
6581437,220,7,12,2,0.5,-1,1,-0.5,217
6581437,220,4,9,1,-0.5,-1,1,0.5,217
6581437,220,7,9,1,0.5,-1,1,0.5,217
6581437,220,4,6,2,-0.5,-1,1,0.5,217
6581437,220,6,12,2,0.5,-1,1,0.5,217
6581448,221,5,6,2,-0.5,-1,1,-0.5,218
6581448,221,6,12,2,0.5,-1,1,-0.5,218
6581448,221,6,9,1,-0.5,-1,1,0.5,218
6581448,221,3,9,1,0.5,-1,1,0.5,218
6581448,221,3,6,2,-0.5,-1,1,0.5,218
6581448,221,5,12,2,0.5,-1,1,0.5,218
6581565,222,4,6,2,-0.5,-1,1,-0.5,219
6581565,222,9,12,2,0.5,-1,1,-0.5,219
6581565,222,6,9,1,-0.5,-1,1,0.5,219
6581565,222,4,9,1,0.5,-1,1,0.5,219
6581565,222,3,6,2,-0.5,-1,1,0.5,219
6581565,222,6,12,2,0.5,-1,1,0.5,219
6582975,223,2,6,2,-0.5,-1,1,-0.5,220
6582975,223,5,12,2,0.5,-1,1,-0.5,220
6582975,223,4,9,1,-0.5,-1,1,0.5,220
6582975,223,4,9,1,0.5,-1,1,0.5,220
6582975,223,3,6,2,-0.5,-1,1,0.5,220
6582975,223,6,12,2,0.5,-1,1,0.5,220
6582993,224,5,6,2,-0.5,-1,1,-0.5,221
6582993,224,5,12,2,0.5,-1,1,-0.5,221
6582993,224,9,9,1,-0.5,-1,1,0.5,221
6582993,224,9,9,1,0.5,-1,1,0.5,221
6582993,224,5,6,2,-0.5,-1,1,0.5,221
6582993,224,6,12,2,0.5,-1,1,0.5,221
6583071,225,3,6,2,-0.5,-1,1,-0.5,222
6583071,225,5,12,2,0.5,-1,1,-0.5,222
6583071,225,5,9,1,-0.5,-1,1,0.5,222
6583071,225,2,9,1,0.5,-1,1,0.5,222
6583071,225,5,6,2,-0.5,-1,1,0.5,222
6583071,225,4,12,2,0.5,-1,1,0.5,222
6583161,226,6,6,2,-0.5,-1,1,-0.5,223
6583161,226,9,12,2,0.5,-1,1,-0.5,223
6583161,226,8,9,1,-0.5,-1,1,0.5,223
6583161,226,9,9,1,0.5,-1,1,0.5,223
6583161,226,5,6,2,-0.5,-1,1,0.5,223
6583161,226,8,12,2,0.5,-1,1,0.5,223
6576641,227,4,6,2,-0.5,-1,1,-0.5,224
6576641,227,11,12,2,0.5,-1,1,-0.5,224
6576641,227,4,9,1,-0.5,-1,1,0.5,224
6576641,227,7,9,1,0.5,-1,1,0.5,224
6576641,227,2,6,2,-0.5,-1,1,0.5,224
6576641,227,7,12,2,0.5,-1,1,0.5,224
6576782,228,6,6,2,-0.5,-1,1,-0.5,225
6576782,228,9,12,2,0.5,-1,1,-0.5,225
6576782,228,4,9,1,-0.5,-1,1,0.5,225
6576782,228,8,9,1,0.5,-1,1,0.5,225
6576782,228,3,6,2,-0.5,-1,1,0.5,225
6576782,228,4,12,2,0.5,-1,1,0.5,225
6577300,229,5,6,2,-0.5,-1,1,-0.5,226
6577300,229,11,12,2,0.5,-1,1,-0.5,226
6577300,229,8,9,1,-0.5,-1,1,0.5,226
6577300,229,9,9,1,0.5,-1,1,0.5,226
6577300,229,6,6,2,-0.5,-1,1,0.5,226
6577300,229,10,12,2,0.5,-1,1,0.5,226
6577365,230,5,6,2,-0.5,-1,1,-0.5,227
6577365,230,12,12,2,0.5,-1,1,-0.5,227
6577365,230,7,9,1,-0.5,-1,1,0.5,227
6577365,230,7,9,1,0.5,-1,1,0.5,227
6577365,230,3,6,2,-0.5,-1,1,0.5,227
6577365,230,3,12,2,0.5,-1,1,0.5,227
6577337,231,4,6,2,-0.5,-1,1,-0.5,228
6577337,231,10,12,2,0.5,-1,1,-0.5,228
6577337,231,3,9,1,-0.5,-1,1,0.5,228
6577337,231,8,9,1,0.5,-1,1,0.5,228
6577337,231,2,6,2,-0.5,-1,1,0.5,228
6577337,231,9,12,2,0.5,-1,1,0.5,228
6577434,232,1,6,2,-0.5,-1,1,-0.5,229
6577434,232,7,12,2,0.5,-1,1,-0.5,229
6577434,232,3,9,1,-0.5,-1,1,0.5,229
6577434,232,3,9,1,0.5,-1,1,0.5,229
6577434,232,1,6,2,-0.5,-1,1,0.5,229
6577434,232,6,12,2,0.5,-1,1,0.5,229
6578123,233,5,6,2,-0.5,-1,1,-0.5,230
6578123,233,10,12,2,0.5,-1,1,-0.5,230
6578123,233,4,9,1,-0.5,-1,1,0.5,230
6578123,233,6,9,1,0.5,-1,1,0.5,230
6578123,233,4,6,2,-0.5,-1,1,0.5,230
6578123,233,8,12,2,0.5,-1,1,0.5,230
6581412,234,4,6,2,-0.5,-1,1,-0.5,231
6581412,234,6,12,2,0.5,-1,1,-0.5,231
6581412,234,5,9,1,-0.5,-1,1,0.5,231
6581412,234,4,9,1,0.5,-1,1,0.5,231
6581412,234,1,6,2,-0.5,-1,1,0.5,231
6581412,234,4,12,2,0.5,-1,1,0.5,231
6581418,235,6,6,2,-0.5,-1,1,-0.5,232
6581418,235,9,12,2,0.5,-1,1,-0.5,232
6581418,235,2,9,1,-0.5,-1,1,0.5,232
6581418,235,5,9,1,0.5,-1,1,0.5,232
6581418,235,4,6,2,-0.5,-1,1,0.5,232
6581418,235,8,12,2,0.5,-1,1,0.5,232
6581475,236,3,6,2,-0.5,-1,1,-0.5,233
6581475,236,4,12,2,0.5,-1,1,-0.5,233
6581475,236,8,9,1,-0.5,-1,1,0.5,233
6581475,236,3,9,1,0.5,-1,1,0.5,233
6581475,236,2,6,2,-0.5,-1,1,0.5,233
6581475,236,5,12,2,0.5,-1,1,0.5,233
6582999,237,4,6,2,-0.5,-1,1,-0.5,234
6582999,237,9,12,2,0.5,-1,1,-0.5,234
6582999,237,8,9,1,-0.5,-1,1,0.5,234
6582999,237,8,9,1,0.5,-1,1,0.5,234
6582999,237,4,6,2,-0.5,-1,1,0.5,234
6582999,237,11,12,2,0.5,-1,1,0.5,234
6583117,238,6,6,2,-0.5,-1,1,-0.5,235
6583117,238,7,12,2,0.5,-1,1,-0.5,235
6583117,238,6,9,1,-0.5,-1,1,0.5,235
6583117,238,4,9,1,0.5,-1,1,0.5,235
6583117,238,4,6,2,-0.5,-1,1,0.5,235
6583117,238,5,12,2,0.5,-1,1,0.5,235
6583137,239,2,6,2,-0.5,-1,1,-0.5,236
6583137,239,8,12,2,0.5,-1,1,-0.5,236
6583137,239,6,9,1,-0.5,-1,1,0.5,236
6583137,239,6,9,1,0.5,-1,1,0.5,236
6583137,239,1,6,2,-0.5,-1,1,0.5,236
6583137,239,8,12,2,0.5,-1,1,0.5,236
6583156,240,4,6,2,-0.5,-1,1,-0.5,237
6583156,240,7,12,2,0.5,-1,1,-0.5,237
6583156,240,5,9,1,-0.5,-1,1,0.5,237
6583156,240,8,9,1,0.5,-1,1,0.5,237
6583156,240,5,6,2,-0.5,-1,1,0.5,237
6583156,240,5,12,2,0.5,-1,1,0.5,237
6583891,241,5,6,2,-0.5,-1,1,-0.5,238
6583891,241,11,12,2,0.5,-1,1,-0.5,238
6583891,241,8,9,1,-0.5,-1,1,0.5,238
6583891,241,9,9,1,0.5,-1,1,0.5,238
6583891,241,5,6,2,-0.5,-1,1,0.5,238
6583891,241,11,12,2,0.5,-1,1,0.5,238
