SubID,subject,correct,total_trials,trial_type,condition,trial_type_non_rec,condition_non_rec,probe_type,phase,sub_idx
6576573,1,1,1,-0.5,1,1,2,-0.5,1,1
6576573,1,1,1,0.5,1,2,2,-0.5,1,1
6576573,1,1,1,-0.5,1,1,2,-0.5,2,1
6576573,1,1,1,0.5,1,2,2,-0.5,2,1
6576573,1,1,1,-0.5,1,1,2,0.5,1,1
6576573,1,1,1,0.5,1,2,2,0.5,1,1
6576573,1,1,1,-0.5,1,1,2,0.5,2,1
6576573,1,1,1,0.5,1,2,2,0.5,2,1
6576620,2,1,1,-0.5,1,1,2,-0.5,1,2
6576620,2,1,1,0.5,1,2,2,-0.5,1,2
6576620,2,0,1,-0.5,1,1,2,-0.5,2,2
6576620,2,1,1,0.5,1,2,2,-0.5,2,2
6576620,2,0,1,-0.5,1,1,2,0.5,1,2
6576620,2,0,1,0.5,1,2,2,0.5,1,2
6576620,2,1,1,-0.5,1,1,2,0.5,2,2
6576620,2,1,1,0.5,1,2,2,0.5,2,2
6577305,4,1,1,-0.5,1,1,2,-0.5,1,3
6577305,4,1,1,0.5,1,2,2,-0.5,1,3
6577305,4,1,1,-0.5,1,1,2,-0.5,2,3
6577305,4,0,1,0.5,1,2,2,-0.5,2,3
6577305,4,1,1,-0.5,1,1,2,0.5,1,3
6577305,4,0,1,0.5,1,2,2,0.5,1,3
6577305,4,1,1,-0.5,1,1,2,0.5,2,3
6577305,4,0,1,0.5,1,2,2,0.5,2,3
6577347,5,1,1,-0.5,1,1,2,-0.5,1,4
6577347,5,1,1,0.5,1,2,2,-0.5,1,4
6577347,5,1,1,-0.5,1,1,2,-0.5,2,4
6577347,5,0,1,0.5,1,2,2,-0.5,2,4
6577347,5,1,1,-0.5,1,1,2,0.5,1,4
6577347,5,1,1,0.5,1,2,2,0.5,1,4
6577347,5,0,1,-0.5,1,1,2,0.5,2,4
6577347,5,1,1,0.5,1,2,2,0.5,2,4
6577318,6,1,1,-0.5,1,1,2,-0.5,1,5
6577318,6,1,1,0.5,1,2,2,-0.5,1,5
6577318,6,1,1,-0.5,1,1,2,-0.5,2,5
6577318,6,1,1,0.5,1,2,2,-0.5,2,5
6577318,6,1,1,-0.5,1,1,2,0.5,1,5
6577318,6,1,1,0.5,1,2,2,0.5,1,5
6577318,6,0,1,-0.5,1,1,2,0.5,2,5
6577318,6,0,1,0.5,1,2,2,0.5,2,5
6577931,8,1,1,-0.5,1,1,2,-0.5,1,6
6577931,8,0,1,0.5,1,2,2,-0.5,1,6
6577931,8,1,1,-0.5,1,1,2,-0.5,2,6
6577931,8,0,1,0.5,1,2,2,-0.5,2,6
6577931,8,1,1,-0.5,1,1,2,0.5,1,6
6577931,8,0,1,0.5,1,2,2,0.5,1,6
6577931,8,1,1,-0.5,1,1,2,0.5,2,6
6577931,8,0,1,0.5,1,2,2,0.5,2,6
6581413,9,1,1,-0.5,1,1,2,-0.5,1,7
6581413,9,0,1,0.5,1,2,2,-0.5,1,7
6581413,9,0,1,-0.5,1,1,2,-0.5,2,7
6581413,9,0,1,0.5,1,2,2,-0.5,2,7
6581413,9,1,1,-0.5,1,1,2,0.5,1,7
6581413,9,1,1,0.5,1,2,2,0.5,1,7
6581413,9,0,1,-0.5,1,1,2,0.5,2,7
6581413,9,1,1,0.5,1,2,2,0.5,2,7
6581420,11,1,1,-0.5,1,1,2,-0.5,1,8
6581420,11,0,1,0.5,1,2,2,-0.5,1,8
6581420,11,0,1,-0.5,1,1,2,-0.5,2,8
6581420,11,0,1,0.5,1,2,2,-0.5,2,8
6581420,11,1,1,-0.5,1,1,2,0.5,1,8
6581420,11,1,1,0.5,1,2,2,0.5,1,8
6581420,11,1,1,-0.5,1,1,2,0.5,2,8
6581420,11,1,1,0.5,1,2,2,0.5,2,8
6581460,12,1,1,-0.5,1,1,2,-0.5,1,9
6581460,12,0,1,0.5,1,2,2,-0.5,1,9
6581460,12,1,1,-0.5,1,1,2,-0.5,2,9
6581460,12,1,1,0.5,1,2,2,-0.5,2,9
6581460,12,1,1,-0.5,1,1,2,0.5,1,9
6581460,12,1,1,0.5,1,2,2,0.5,1,9
6581460,12,1,1,-0.5,1,1,2,0.5,2,9
6581460,12,1,1,0.5,1,2,2,0.5,2,9
6582994,13,1,1,-0.5,1,1,2,-0.5,1,10
6582994,13,1,1,0.5,1,2,2,-0.5,1,10
6582994,13,0,1,-0.5,1,1,2,-0.5,2,10
6582994,13,1,1,0.5,1,2,2,-0.5,2,10
6582994,13,1,1,-0.5,1,1,2,0.5,1,10
6582994,13,0,1,0.5,1,2,2,0.5,1,10
6582994,13,1,1,-0.5,1,1,2,0.5,2,10
6582994,13,1,1,0.5,1,2,2,0.5,2,10
6583086,14,1,1,-0.5,1,1,2,-0.5,1,11
6583086,14,1,1,0.5,1,2,2,-0.5,1,11
6583086,14,1,1,-0.5,1,1,2,-0.5,2,11
6583086,14,0,1,0.5,1,2,2,-0.5,2,11
6583086,14,1,1,-0.5,1,1,2,0.5,1,11
6583086,14,1,1,0.5,1,2,2,0.5,1,11
6583086,14,1,1,-0.5,1,1,2,0.5,2,11
6583086,14,1,1,0.5,1,2,2,0.5,2,11
6583665,15,1,1,-0.5,1,1,2,-0.5,1,12
6583665,15,1,1,0.5,1,2,2,-0.5,1,12
6583665,15,1,1,-0.5,1,1,2,-0.5,2,12
6583665,15,1,1,0.5,1,2,2,-0.5,2,12
6583665,15,1,1,-0.5,1,1,2,0.5,1,12
6583665,15,1,1,0.5,1,2,2,0.5,1,12
6583665,15,1,1,-0.5,1,1,2,0.5,2,12
6583665,15,0,1,0.5,1,2,2,0.5,2,12
6584793,16,1,1,-0.5,1,1,2,-0.5,1,13
6584793,16,0,1,0.5,1,2,2,-0.5,1,13
6584793,16,0,1,-0.5,1,1,2,-0.5,2,13
6584793,16,1,1,0.5,1,2,2,-0.5,2,13
6584793,16,0,1,-0.5,1,1,2,0.5,1,13
6584793,16,1,1,0.5,1,2,2,0.5,1,13
6584793,16,1,1,-0.5,1,1,2,0.5,2,13
6584793,16,0,1,0.5,1,2,2,0.5,2,13
6576572,17,1,1,-0.5,-1,1,1,-0.5,1,14
6576572,17,1,1,0.5,-1,2,1,-0.5,1,14
6576572,17,1,1,-0.5,-1,1,1,-0.5,2,14
6576572,17,0,1,0.5,-1,2,1,-0.5,2,14
6576572,17,1,1,-0.5,-1,1,1,0.5,1,14
6576572,17,1,1,0.5,-1,2,1,0.5,1,14
6576572,17,0,1,-0.5,-1,1,1,0.5,2,14
6576572,17,0,1,0.5,-1,2,1,0.5,2,14
6576602,18,1,1,-0.5,-1,1,1,-0.5,1,15
6576602,18,1,1,0.5,-1,2,1,-0.5,1,15
6576602,18,1,1,-0.5,-1,1,1,-0.5,2,15
6576602,18,0,1,0.5,-1,2,1,-0.5,2,15
6576602,18,1,1,-0.5,-1,1,1,0.5,1,15
6576602,18,0,1,0.5,-1,2,1,0.5,1,15
6576602,18,0,1,-0.5,-1,1,1,0.5,2,15
6576602,18,0,1,0.5,-1,2,1,0.5,2,15
6576557,19,0,1,-0.5,-1,1,1,-0.5,1,16
6576557,19,1,1,0.5,-1,2,1,-0.5,1,16
6576557,19,1,1,-0.5,-1,1,1,-0.5,2,16
6576557,19,1,1,0.5,-1,2,1,-0.5,2,16
6576557,19,1,1,-0.5,-1,1,1,0.5,1,16
6576557,19,0,1,0.5,-1,2,1,0.5,1,16
6576557,19,0,1,-0.5,-1,1,1,0.5,2,16
6576557,19,1,1,0.5,-1,2,1,0.5,2,16
6577336,21,0,1,-0.5,-1,1,1,-0.5,1,17
6577336,21,0,1,0.5,-1,2,1,-0.5,1,17
6577336,21,1,1,-0.5,-1,1,1,-0.5,2,17
6577336,21,0,1,0.5,-1,2,1,-0.5,2,17
6577336,21,1,1,-0.5,-1,1,1,0.5,1,17
6577336,21,0,1,0.5,-1,2,1,0.5,1,17
6577336,21,1,1,-0.5,-1,1,1,0.5,2,17
6577336,21,0,1,0.5,-1,2,1,0.5,2,17
6577321,22,1,1,-0.5,-1,1,1,-0.5,1,18
6577321,22,1,1,0.5,-1,2,1,-0.5,1,18
6577321,22,1,1,-0.5,-1,1,1,-0.5,2,18
6577321,22,1,1,0.5,-1,2,1,-0.5,2,18
6577321,22,1,1,-0.5,-1,1,1,0.5,1,18
6577321,22,1,1,0.5,-1,2,1,0.5,1,18
6577321,22,1,1,-0.5,-1,1,1,0.5,2,18
6577321,22,1,1,0.5,-1,2,1,0.5,2,18
6577794,24,0,1,-0.5,-1,1,1,-0.5,1,19
6577794,24,1,1,0.5,-1,2,1,-0.5,1,19
6577794,24,1,1,-0.5,-1,1,1,-0.5,2,19
6577794,24,1,1,0.5,-1,2,1,-0.5,2,19
6577794,24,1,1,-0.5,-1,1,1,0.5,1,19
6577794,24,1,1,0.5,-1,2,1,0.5,1,19
6577794,24,1,1,-0.5,-1,1,1,0.5,2,19
6577794,24,0,1,0.5,-1,2,1,0.5,2,19
6581415,25,1,1,-0.5,-1,1,1,-0.5,1,20
6581415,25,1,1,0.5,-1,2,1,-0.5,1,20
6581415,25,1,1,-0.5,-1,1,1,-0.5,2,20
6581415,25,1,1,0.5,-1,2,1,-0.5,2,20
6581415,25,1,1,-0.5,-1,1,1,0.5,1,20
6581415,25,1,1,0.5,-1,2,1,0.5,1,20
6581415,25,0,1,-0.5,-1,1,1,0.5,2,20
6581415,25,1,1,0.5,-1,2,1,0.5,2,20
6581480,26,0,1,-0.5,-1,1,1,-0.5,1,21
6581480,26,0,1,0.5,-1,2,1,-0.5,1,21
6581480,26,1,1,-0.5,-1,1,1,-0.5,2,21
6581480,26,0,1,0.5,-1,2,1,-0.5,2,21
6581480,26,0,1,-0.5,-1,1,1,0.5,1,21
6581480,26,0,1,0.5,-1,2,1,0.5,1,21
6581480,26,1,1,-0.5,-1,1,1,0.5,2,21
6581480,26,0,1,0.5,-1,2,1,0.5,2,21
6581581,27,1,1,-0.5,-1,1,1,-0.5,1,22
6581581,27,1,1,0.5,-1,2,1,-0.5,1,22
6581581,27,1,1,-0.5,-1,1,1,-0.5,2,22
6581581,27,1,1,0.5,-1,2,1,-0.5,2,22
6581581,27,1,1,-0.5,-1,1,1,0.5,1,22
6581581,27,1,1,0.5,-1,2,1,0.5,1,22
6581581,27,0,1,-0.5,-1,1,1,0.5,2,22
6581581,27,0,1,0.5,-1,2,1,0.5,2,22
6581771,28,0,1,-0.5,-1,1,1,-0.5,1,23
6581771,28,0,1,0.5,-1,2,1,-0.5,1,23
6581771,28,0,1,-0.5,-1,1,1,-0.5,2,23
6581771,28,1,1,0.5,-1,2,1,-0.5,2,23
6581771,28,1,1,-0.5,-1,1,1,0.5,1,23
6581771,28,1,1,0.5,-1,2,1,0.5,1,23
6581771,28,1,1,-0.5,-1,1,1,0.5,2,23
6581771,28,0,1,0.5,-1,2,1,0.5,2,23
6583000,30,0,1,-0.5,-1,1,1,-0.5,1,24
6583000,30,1,1,0.5,-1,2,1,-0.5,1,24
6583000,30,1,1,-0.5,-1,1,1,-0.5,2,24
6583000,30,0,1,0.5,-1,2,1,-0.5,2,24
6583000,30,1,1,-0.5,-1,1,1,0.5,1,24
6583000,30,0,1,0.5,-1,2,1,0.5,1,24
6583000,30,1,1,-0.5,-1,1,1,0.5,2,24
6583000,30,1,1,0.5,-1,2,1,0.5,2,24
6583211,31,0,1,-0.5,-1,1,1,-0.5,1,25
6583211,31,0,1,0.5,-1,2,1,-0.5,1,25
6583211,31,1,1,-0.5,-1,1,1,-0.5,2,25
6583211,31,1,1,0.5,-1,2,1,-0.5,2,25
6583211,31,1,1,-0.5,-1,1,1,0.5,1,25
6583211,31,1,1,0.5,-1,2,1,0.5,1,25
6583211,31,0,1,-0.5,-1,1,1,0.5,2,25
6583211,31,0,1,0.5,-1,2,1,0.5,2,25
6576547,32,0,1,-0.5,1,1,2,-0.5,1,26
6576547,32,1,1,0.5,1,2,2,-0.5,1,26
6576547,32,1,1,-0.5,1,1,2,-0.5,2,26
6576547,32,0,1,0.5,1,2,2,-0.5,2,26
6576547,32,0,1,-0.5,1,1,2,0.5,1,26
6576547,32,0,1,0.5,1,2,2,0.5,1,26
6576547,32,0,1,-0.5,1,1,2,0.5,2,26
6576547,32,1,1,0.5,1,2,2,0.5,2,26
6576647,34,1,1,-0.5,1,1,2,-0.5,1,27
6576647,34,0,1,0.5,1,2,2,-0.5,1,27
6576647,34,0,1,-0.5,1,1,2,-0.5,2,27
6576647,34,1,1,0.5,1,2,2,-0.5,2,27
6576647,34,1,1,-0.5,1,1,2,0.5,1,27
6576647,34,1,1,0.5,1,2,2,0.5,1,27
6576647,34,1,1,-0.5,1,1,2,0.5,2,27
6576647,34,1,1,0.5,1,2,2,0.5,2,27
6577311,35,1,1,-0.5,1,1,2,-0.5,1,28
6577311,35,0,1,0.5,1,2,2,-0.5,1,28
6577311,35,1,1,-0.5,1,1,2,-0.5,2,28
6577311,35,1,1,0.5,1,2,2,-0.5,2,28
6577311,35,1,1,-0.5,1,1,2,0.5,1,28
6577311,35,0,1,0.5,1,2,2,0.5,1,28
6577311,35,1,1,-0.5,1,1,2,0.5,2,28
6577311,35,0,1,0.5,1,2,2,0.5,2,28
6577325,36,0,1,-0.5,1,1,2,-0.5,1,29
6577325,36,1,1,0.5,1,2,2,-0.5,1,29
6577325,36,1,1,-0.5,1,1,2,-0.5,2,29
6577325,36,0,1,0.5,1,2,2,-0.5,2,29
6577325,36,0,1,-0.5,1,1,2,0.5,1,29
6577325,36,0,1,0.5,1,2,2,0.5,1,29
6577325,36,0,1,-0.5,1,1,2,0.5,2,29
6577325,36,1,1,0.5,1,2,2,0.5,2,29
6577374,37,1,1,-0.5,1,1,2,-0.5,1,30
6577374,37,1,1,0.5,1,2,2,-0.5,1,30
6577374,37,0,1,-0.5,1,1,2,-0.5,2,30
6577374,37,1,1,0.5,1,2,2,-0.5,2,30
6577374,37,1,1,-0.5,1,1,2,0.5,1,30
6577374,37,0,1,0.5,1,2,2,0.5,1,30
6577374,37,1,1,-0.5,1,1,2,0.5,2,30
6577374,37,0,1,0.5,1,2,2,0.5,2,30
6577493,38,0,1,-0.5,1,1,2,-0.5,1,31
6577493,38,1,1,0.5,1,2,2,-0.5,1,31
6577493,38,1,1,-0.5,1,1,2,-0.5,2,31
6577493,38,1,1,0.5,1,2,2,-0.5,2,31
6577493,38,1,1,-0.5,1,1,2,0.5,1,31
6577493,38,1,1,0.5,1,2,2,0.5,1,31
6577493,38,1,1,-0.5,1,1,2,0.5,2,31
6577493,38,1,1,0.5,1,2,2,0.5,2,31
6581457,40,1,1,-0.5,1,1,2,-0.5,1,32
6581457,40,0,1,0.5,1,2,2,-0.5,1,32
6581457,40,1,1,-0.5,1,1,2,-0.5,2,32
6581457,40,0,1,0.5,1,2,2,-0.5,2,32
6581457,40,0,1,-0.5,1,1,2,0.5,1,32
6581457,40,1,1,0.5,1,2,2,0.5,1,32
6581457,40,0,1,-0.5,1,1,2,0.5,2,32
6581457,40,1,1,0.5,1,2,2,0.5,2,32
6581473,41,1,1,-0.5,1,1,2,-0.5,1,33
6581473,41,1,1,0.5,1,2,2,-0.5,1,33
6581473,41,1,1,-0.5,1,1,2,-0.5,2,33
6581473,41,1,1,0.5,1,2,2,-0.5,2,33
6581473,41,0,1,-0.5,1,1,2,0.5,1,33
6581473,41,1,1,0.5,1,2,2,0.5,1,33
6581473,41,1,1,-0.5,1,1,2,0.5,2,33
6581473,41,1,1,0.5,1,2,2,0.5,2,33
6581482,42,1,1,-0.5,1,1,2,-0.5,1,34
6581482,42,1,1,0.5,1,2,2,-0.5,1,34
6581482,42,1,1,-0.5,1,1,2,-0.5,2,34
6581482,42,1,1,0.5,1,2,2,-0.5,2,34
6581482,42,1,1,-0.5,1,1,2,0.5,1,34
6581482,42,1,1,0.5,1,2,2,0.5,1,34
6581482,42,1,1,-0.5,1,1,2,0.5,2,34
6581482,42,1,1,0.5,1,2,2,0.5,2,34
6582995,44,1,1,-0.5,1,1,2,-0.5,1,35
6582995,44,0,1,0.5,1,2,2,-0.5,1,35
6582995,44,1,1,-0.5,1,1,2,-0.5,2,35
6582995,44,1,1,0.5,1,2,2,-0.5,2,35
6582995,44,0,1,-0.5,1,1,2,0.5,1,35
6582995,44,1,1,0.5,1,2,2,0.5,1,35
6582995,44,1,1,-0.5,1,1,2,0.5,2,35
6582995,44,0,1,0.5,1,2,2,0.5,2,35
6583070,45,1,1,-0.5,1,1,2,-0.5,1,36
6583070,45,0,1,0.5,1,2,2,-0.5,1,36
6583070,45,1,1,-0.5,1,1,2,-0.5,2,36
6583070,45,1,1,0.5,1,2,2,-0.5,2,36
6583070,45,1,1,-0.5,1,1,2,0.5,1,36
6583070,45,1,1,0.5,1,2,2,0.5,1,36
6583070,45,0,1,-0.5,1,1,2,0.5,2,36
6583070,45,0,1,0.5,1,2,2,0.5,2,36
6576577,48,1,1,-0.5,1,1,2,-0.5,1,37
6576577,48,1,1,0.5,1,2,2,-0.5,1,37
6576577,48,1,1,-0.5,1,1,2,-0.5,2,37
6576577,48,1,1,0.5,1,2,2,-0.5,2,37
6576577,48,1,1,-0.5,1,1,2,0.5,1,37
6576577,48,1,1,0.5,1,2,2,0.5,1,37
6576577,48,1,1,-0.5,1,1,2,0.5,2,37
6576577,48,0,1,0.5,1,2,2,0.5,2,37
6576671,49,1,1,-0.5,1,1,2,-0.5,1,38
6576671,49,1,1,0.5,1,2,2,-0.5,1,38
6576671,49,1,1,-0.5,1,1,2,-0.5,2,38
6576671,49,1,1,0.5,1,2,2,-0.5,2,38
6576671,49,0,1,-0.5,1,1,2,0.5,1,38
6576671,49,1,1,0.5,1,2,2,0.5,1,38
6576671,49,0,1,-0.5,1,1,2,0.5,2,38
6576671,49,0,1,0.5,1,2,2,0.5,2,38
6576614,50,1,1,-0.5,1,1,2,-0.5,1,39
6576614,50,0,1,0.5,1,2,2,-0.5,1,39
6576614,50,1,1,-0.5,1,1,2,-0.5,2,39
6576614,50,0,1,0.5,1,2,2,-0.5,2,39
6576614,50,1,1,-0.5,1,1,2,0.5,1,39
6576614,50,0,1,0.5,1,2,2,0.5,1,39
6576614,50,0,1,-0.5,1,1,2,0.5,2,39
6576614,50,0,1,0.5,1,2,2,0.5,2,39
6577313,51,1,1,-0.5,1,1,2,-0.5,1,40
6577313,51,1,1,0.5,1,2,2,-0.5,1,40
6577313,51,0,1,-0.5,1,1,2,-0.5,2,40
6577313,51,1,1,0.5,1,2,2,-0.5,2,40
6577313,51,0,1,-0.5,1,1,2,0.5,1,40
6577313,51,0,1,0.5,1,2,2,0.5,1,40
6577313,51,1,1,-0.5,1,1,2,0.5,2,40
6577313,51,1,1,0.5,1,2,2,0.5,2,40
6577307,52,1,1,-0.5,1,1,2,-0.5,1,41
6577307,52,0,1,0.5,1,2,2,-0.5,1,41
6577307,52,1,1,-0.5,1,1,2,-0.5,2,41
6577307,52,0,1,0.5,1,2,2,-0.5,2,41
6577307,52,0,1,-0.5,1,1,2,0.5,1,41
6577307,52,1,1,0.5,1,2,2,0.5,1,41
6577307,52,1,1,-0.5,1,1,2,0.5,2,41
6577307,52,0,1,0.5,1,2,2,0.5,2,41
6577350,53,1,1,-0.5,1,1,2,-0.5,1,42
6577350,53,1,1,0.5,1,2,2,-0.5,1,42
6577350,53,1,1,-0.5,1,1,2,-0.5,2,42
6577350,53,1,1,0.5,1,2,2,-0.5,2,42
6577350,53,1,1,-0.5,1,1,2,0.5,1,42
6577350,53,1,1,0.5,1,2,2,0.5,1,42
6577350,53,1,1,-0.5,1,1,2,0.5,2,42
6577350,53,1,1,0.5,1,2,2,0.5,2,42
6577363,54,0,1,-0.5,1,1,2,-0.5,1,43
6577363,54,1,1,0.5,1,2,2,-0.5,1,43
6577363,54,1,1,-0.5,1,1,2,-0.5,2,43
6577363,54,1,1,0.5,1,2,2,-0.5,2,43
6577363,54,1,1,-0.5,1,1,2,0.5,1,43
6577363,54,0,1,0.5,1,2,2,0.5,1,43
6577363,54,0,1,-0.5,1,1,2,0.5,2,43
6577363,54,0,1,0.5,1,2,2,0.5,2,43
6577883,55,1,1,-0.5,1,1,2,-0.5,1,44
6577883,55,1,1,0.5,1,2,2,-0.5,1,44
6577883,55,1,1,-0.5,1,1,2,-0.5,2,44
6577883,55,1,1,0.5,1,2,2,-0.5,2,44
6577883,55,1,1,-0.5,1,1,2,0.5,1,44
6577883,55,0,1,0.5,1,2,2,0.5,1,44
6577883,55,0,1,-0.5,1,1,2,0.5,2,44
6577883,55,1,1,0.5,1,2,2,0.5,2,44
6581416,57,1,1,-0.5,1,1,2,-0.5,1,45
6581416,57,0,1,0.5,1,2,2,-0.5,1,45
6581416,57,1,1,-0.5,1,1,2,-0.5,2,45
6581416,57,0,1,0.5,1,2,2,-0.5,2,45
6581416,57,1,1,-0.5,1,1,2,0.5,1,45
6581416,57,0,1,0.5,1,2,2,0.5,1,45
6581416,57,0,1,-0.5,1,1,2,0.5,2,45
6581416,57,1,1,0.5,1,2,2,0.5,2,45
6583063,59,1,1,-0.5,1,1,2,-0.5,1,46
6583063,59,1,1,0.5,1,2,2,-0.5,1,46
6583063,59,1,1,-0.5,1,1,2,-0.5,2,46
6583063,59,1,1,0.5,1,2,2,-0.5,2,46
6583063,59,1,1,-0.5,1,1,2,0.5,1,46
6583063,59,0,1,0.5,1,2,2,0.5,1,46
6583063,59,1,1,-0.5,1,1,2,0.5,2,46
6583063,59,1,1,0.5,1,2,2,0.5,2,46
6583120,60,1,1,-0.5,1,1,2,-0.5,1,47
6583120,60,0,1,0.5,1,2,2,-0.5,1,47
6583120,60,1,1,-0.5,1,1,2,-0.5,2,47
6583120,60,0,1,0.5,1,2,2,-0.5,2,47
6583120,60,1,1,-0.5,1,1,2,0.5,1,47
6583120,60,1,1,0.5,1,2,2,0.5,1,47
6583120,60,1,1,-0.5,1,1,2,0.5,2,47
6583120,60,0,1,0.5,1,2,2,0.5,2,47
6583198,62,1,1,-0.5,1,1,2,-0.5,1,48
6583198,62,1,1,0.5,1,2,2,-0.5,1,48
6583198,62,1,1,-0.5,1,1,2,-0.5,2,48
6583198,62,1,1,0.5,1,2,2,-0.5,2,48
6583198,62,1,1,-0.5,1,1,2,0.5,1,48
6583198,62,0,1,0.5,1,2,2,0.5,1,48
6583198,62,0,1,-0.5,1,1,2,0.5,2,48
6583198,62,1,1,0.5,1,2,2,0.5,2,48
6576593,63,0,1,-0.5,-1,1,1,-0.5,1,49
6576593,63,1,1,0.5,-1,2,1,-0.5,1,49
6576593,63,1,1,-0.5,-1,1,1,-0.5,2,49
6576593,63,1,1,0.5,-1,2,1,-0.5,2,49
6576593,63,0,1,-0.5,-1,1,1,0.5,1,49
6576593,63,1,1,0.5,-1,2,1,0.5,1,49
6576593,63,1,1,-0.5,-1,1,1,0.5,2,49
6576593,63,1,1,0.5,-1,2,1,0.5,2,49
6577329,66,1,1,-0.5,-1,1,1,-0.5,1,50
6577329,66,0,1,0.5,-1,2,1,-0.5,1,50
6577329,66,0,1,-0.5,-1,1,1,-0.5,2,50
6577329,66,0,1,0.5,-1,2,1,-0.5,2,50
6577329,66,0,1,-0.5,-1,1,1,0.5,1,50
6577329,66,0,1,0.5,-1,2,1,0.5,1,50
6577329,66,1,1,-0.5,-1,1,1,0.5,2,50
6577329,66,1,1,0.5,-1,2,1,0.5,2,50
6577309,67,1,1,-0.5,-1,1,1,-0.5,1,51
6577309,67,1,1,0.5,-1,2,1,-0.5,1,51
6577309,67,1,1,-0.5,-1,1,1,-0.5,2,51
6577309,67,0,1,0.5,-1,2,1,-0.5,2,51
6577309,67,1,1,-0.5,-1,1,1,0.5,1,51
6577309,67,0,1,0.5,-1,2,1,0.5,1,51
6577309,67,1,1,-0.5,-1,1,1,0.5,2,51
6577309,67,0,1,0.5,-1,2,1,0.5,2,51
6577391,68,0,1,-0.5,-1,1,1,-0.5,1,52
6577391,68,0,1,0.5,-1,2,1,-0.5,1,52
6577391,68,1,1,-0.5,-1,1,1,-0.5,2,52
6577391,68,0,1,0.5,-1,2,1,-0.5,2,52
6577391,68,0,1,-0.5,-1,1,1,0.5,1,52
6577391,68,1,1,0.5,-1,2,1,0.5,1,52
6577391,68,1,1,-0.5,-1,1,1,0.5,2,52
6577391,68,1,1,0.5,-1,2,1,0.5,2,52
6577369,69,0,1,-0.5,-1,1,1,-0.5,1,53
6577369,69,1,1,0.5,-1,2,1,-0.5,1,53
6577369,69,1,1,-0.5,-1,1,1,-0.5,2,53
6577369,69,1,1,0.5,-1,2,1,-0.5,2,53
6577369,69,1,1,-0.5,-1,1,1,0.5,1,53
6577369,69,0,1,0.5,-1,2,1,0.5,1,53
6577369,69,0,1,-0.5,-1,1,1,0.5,2,53
6577369,69,1,1,0.5,-1,2,1,0.5,2,53
6577895,70,1,1,-0.5,-1,1,1,-0.5,1,54
6577895,70,0,1,0.5,-1,2,1,-0.5,1,54
6577895,70,1,1,-0.5,-1,1,1,-0.5,2,54
6577895,70,0,1,0.5,-1,2,1,-0.5,2,54
6577895,70,0,1,-0.5,-1,1,1,0.5,1,54
6577895,70,0,1,0.5,-1,2,1,0.5,1,54
6577895,70,1,1,-0.5,-1,1,1,0.5,2,54
6577895,70,0,1,0.5,-1,2,1,0.5,2,54
6581421,71,0,1,-0.5,-1,1,1,-0.5,1,55
6581421,71,1,1,0.5,-1,2,1,-0.5,1,55
6581421,71,1,1,-0.5,-1,1,1,-0.5,2,55
6581421,71,0,1,0.5,-1,2,1,-0.5,2,55
6581421,71,0,1,-0.5,-1,1,1,0.5,1,55
6581421,71,1,1,0.5,-1,2,1,0.5,1,55
6581421,71,1,1,-0.5,-1,1,1,0.5,2,55
6581421,71,0,1,0.5,-1,2,1,0.5,2,55
6581462,72,1,1,-0.5,-1,1,1,-0.5,1,56
6581462,72,0,1,0.5,-1,2,1,-0.5,1,56
6581462,72,1,1,-0.5,-1,1,1,-0.5,2,56
6581462,72,0,1,0.5,-1,2,1,-0.5,2,56
6581462,72,1,1,-0.5,-1,1,1,0.5,1,56
6581462,72,1,1,0.5,-1,2,1,0.5,1,56
6581462,72,1,1,-0.5,-1,1,1,0.5,2,56
6581462,72,0,1,0.5,-1,2,1,0.5,2,56
6581463,73,0,1,-0.5,-1,1,1,-0.5,1,57
6581463,73,0,1,0.5,-1,2,1,-0.5,1,57
6581463,73,1,1,-0.5,-1,1,1,-0.5,2,57
6581463,73,0,1,0.5,-1,2,1,-0.5,2,57
6581463,73,0,1,-0.5,-1,1,1,0.5,1,57
6581463,73,0,1,0.5,-1,2,1,0.5,1,57
6581463,73,1,1,-0.5,-1,1,1,0.5,2,57
6581463,73,0,1,0.5,-1,2,1,0.5,2,57
6583074,75,0,1,-0.5,-1,1,1,-0.5,1,58
6583074,75,1,1,0.5,-1,2,1,-0.5,1,58
6583074,75,0,1,-0.5,-1,1,1,-0.5,2,58
6583074,75,1,1,0.5,-1,2,1,-0.5,2,58
6583074,75,1,1,-0.5,-1,1,1,0.5,1,58
6583074,75,0,1,0.5,-1,2,1,0.5,1,58
6583074,75,0,1,-0.5,-1,1,1,0.5,2,58
6583074,75,1,1,0.5,-1,2,1,0.5,2,58
6582974,76,0,1,-0.5,-1,1,1,-0.5,1,59
6582974,76,1,1,0.5,-1,2,1,-0.5,1,59
6582974,76,1,1,-0.5,-1,1,1,-0.5,2,59
6582974,76,1,1,0.5,-1,2,1,-0.5,2,59
6582974,76,0,1,-0.5,-1,1,1,0.5,1,59
6582974,76,0,1,0.5,-1,2,1,0.5,1,59
6582974,76,1,1,-0.5,-1,1,1,0.5,2,59
6582974,76,1,1,0.5,-1,2,1,0.5,2,59
6583057,77,0,1,-0.5,-1,1,1,-0.5,1,60
6583057,77,1,1,0.5,-1,2,1,-0.5,1,60
6583057,77,1,1,-0.5,-1,1,1,-0.5,2,60
6583057,77,1,1,0.5,-1,2,1,-0.5,2,60
6583057,77,0,1,-0.5,-1,1,1,0.5,1,60
6583057,77,1,1,0.5,-1,2,1,0.5,1,60
6583057,77,0,1,-0.5,-1,1,1,0.5,2,60
6583057,77,0,1,0.5,-1,2,1,0.5,2,60
6576586,78,0,1,-0.5,1,1,2,-0.5,1,61
6576586,78,1,1,0.5,1,2,2,-0.5,1,61
6576586,78,1,1,-0.5,1,1,2,-0.5,2,61
6576586,78,1,1,0.5,1,2,2,-0.5,2,61
6576586,78,1,1,-0.5,1,1,2,0.5,1,61
6576586,78,0,1,0.5,1,2,2,0.5,1,61
6576586,78,1,1,-0.5,1,1,2,0.5,2,61
6576586,78,1,1,0.5,1,2,2,0.5,2,61
6576561,79,1,1,-0.5,1,1,2,-0.5,1,62
6576561,79,1,1,0.5,1,2,2,-0.5,1,62
6576561,79,1,1,-0.5,1,1,2,-0.5,2,62
6576561,79,1,1,0.5,1,2,2,-0.5,2,62
6576561,79,1,1,-0.5,1,1,2,0.5,1,62
6576561,79,1,1,0.5,1,2,2,0.5,1,62
6576561,79,0,1,-0.5,1,1,2,0.5,2,62
6576561,79,1,1,0.5,1,2,2,0.5,2,62
6576605,80,1,1,-0.5,1,1,2,-0.5,1,63
6576605,80,1,1,0.5,1,2,2,-0.5,1,63
6576605,80,1,1,-0.5,1,1,2,-0.5,2,63
6576605,80,1,1,0.5,1,2,2,-0.5,2,63
6576605,80,1,1,-0.5,1,1,2,0.5,1,63
6576605,80,0,1,0.5,1,2,2,0.5,1,63
6576605,80,1,1,-0.5,1,1,2,0.5,2,63
6576605,80,1,1,0.5,1,2,2,0.5,2,63
6577317,81,1,1,-0.5,1,1,2,-0.5,1,64
6577317,81,1,1,0.5,1,2,2,-0.5,1,64
6577317,81,0,1,-0.5,1,1,2,-0.5,2,64
6577317,81,1,1,0.5,1,2,2,-0.5,2,64
6577317,81,1,1,-0.5,1,1,2,0.5,1,64
6577317,81,0,1,0.5,1,2,2,0.5,1,64
6577317,81,0,1,-0.5,1,1,2,0.5,2,64
6577317,81,0,1,0.5,1,2,2,0.5,2,64
6577312,82,1,1,-0.5,1,1,2,-0.5,1,65
6577312,82,1,1,0.5,1,2,2,-0.5,1,65
6577312,82,1,1,-0.5,1,1,2,-0.5,2,65
6577312,82,1,1,0.5,1,2,2,-0.5,2,65
6577312,82,0,1,-0.5,1,1,2,0.5,1,65
6577312,82,0,1,0.5,1,2,2,0.5,1,65
6577312,82,0,1,-0.5,1,1,2,0.5,2,65
6577312,82,1,1,0.5,1,2,2,0.5,2,65
6577360,83,1,1,-0.5,1,1,2,-0.5,1,66
6577360,83,0,1,0.5,1,2,2,-0.5,1,66
6577360,83,1,1,-0.5,1,1,2,-0.5,2,66
6577360,83,1,1,0.5,1,2,2,-0.5,2,66
6577360,83,1,1,-0.5,1,1,2,0.5,1,66
6577360,83,0,1,0.5,1,2,2,0.5,1,66
6577360,83,1,1,-0.5,1,1,2,0.5,2,66
6577360,83,1,1,0.5,1,2,2,0.5,2,66
6577344,84,1,1,-0.5,1,1,2,-0.5,1,67
6577344,84,1,1,0.5,1,2,2,-0.5,1,67
6577344,84,1,1,-0.5,1,1,2,-0.5,2,67
6577344,84,1,1,0.5,1,2,2,-0.5,2,67
6577344,84,1,1,-0.5,1,1,2,0.5,1,67
6577344,84,1,1,0.5,1,2,2,0.5,1,67
6577344,84,1,1,-0.5,1,1,2,0.5,2,67
6577344,84,0,1,0.5,1,2,2,0.5,2,67
6581425,86,1,1,-0.5,1,1,2,-0.5,1,68
6581425,86,1,1,0.5,1,2,2,-0.5,1,68
6581425,86,1,1,-0.5,1,1,2,-0.5,2,68
6581425,86,1,1,0.5,1,2,2,-0.5,2,68
6581425,86,1,1,-0.5,1,1,2,0.5,1,68
6581425,86,0,1,0.5,1,2,2,0.5,1,68
6581425,86,0,1,-0.5,1,1,2,0.5,2,68
6581425,86,1,1,0.5,1,2,2,0.5,2,68
6581451,87,1,1,-0.5,1,1,2,-0.5,1,69
6581451,87,1,1,0.5,1,2,2,-0.5,1,69
6581451,87,1,1,-0.5,1,1,2,-0.5,2,69
6581451,87,1,1,0.5,1,2,2,-0.5,2,69
6581451,87,1,1,-0.5,1,1,2,0.5,1,69
6581451,87,0,1,0.5,1,2,2,0.5,1,69
6581451,87,1,1,-0.5,1,1,2,0.5,2,69
6581451,87,1,1,0.5,1,2,2,0.5,2,69
6581516,88,1,1,-0.5,1,1,2,-0.5,1,70
6581516,88,1,1,0.5,1,2,2,-0.5,1,70
6581516,88,1,1,-0.5,1,1,2,-0.5,2,70
6581516,88,1,1,0.5,1,2,2,-0.5,2,70
6581516,88,1,1,-0.5,1,1,2,0.5,1,70
6581516,88,0,1,0.5,1,2,2,0.5,1,70
6581516,88,0,1,-0.5,1,1,2,0.5,2,70
6581516,88,0,1,0.5,1,2,2,0.5,2,70
6581464,89,1,1,-0.5,1,1,2,-0.5,1,71
6581464,89,0,1,0.5,1,2,2,-0.5,1,71
6581464,89,0,1,-0.5,1,1,2,-0.5,2,71
6581464,89,1,1,0.5,1,2,2,-0.5,2,71
6581464,89,1,1,-0.5,1,1,2,0.5,1,71
6581464,89,1,1,0.5,1,2,2,0.5,1,71
6581464,89,1,1,-0.5,1,1,2,0.5,2,71
6581464,89,1,1,0.5,1,2,2,0.5,2,71
6582981,90,1,1,-0.5,1,1,2,-0.5,1,72
6582981,90,1,1,0.5,1,2,2,-0.5,1,72
6582981,90,1,1,-0.5,1,1,2,-0.5,2,72
6582981,90,0,1,0.5,1,2,2,-0.5,2,72
6582981,90,1,1,-0.5,1,1,2,0.5,1,72
6582981,90,1,1,0.5,1,2,2,0.5,1,72
6582981,90,0,1,-0.5,1,1,2,0.5,2,72
6582981,90,1,1,0.5,1,2,2,0.5,2,72
6583066,91,1,1,-0.5,1,1,2,-0.5,1,73
6583066,91,1,1,0.5,1,2,2,-0.5,1,73
6583066,91,0,1,-0.5,1,1,2,-0.5,2,73
6583066,91,1,1,0.5,1,2,2,-0.5,2,73
6583066,91,1,1,-0.5,1,1,2,0.5,1,73
6583066,91,1,1,0.5,1,2,2,0.5,1,73
6583066,91,1,1,-0.5,1,1,2,0.5,2,73
6583066,91,0,1,0.5,1,2,2,0.5,2,73
6583421,92,1,1,-0.5,1,1,2,-0.5,1,74
6583421,92,1,1,0.5,1,2,2,-0.5,1,74
6583421,92,1,1,-0.5,1,1,2,-0.5,2,74
6583421,92,1,1,0.5,1,2,2,-0.5,2,74
6583421,92,1,1,-0.5,1,1,2,0.5,1,74
6583421,92,0,1,0.5,1,2,2,0.5,1,74
6583421,92,0,1,-0.5,1,1,2,0.5,2,74
6583421,92,1,1,0.5,1,2,2,0.5,2,74
6582991,93,1,1,-0.5,1,1,2,-0.5,1,75
6582991,93,1,1,0.5,1,2,2,-0.5,1,75
6582991,93,1,1,-0.5,1,1,2,-0.5,2,75
6582991,93,1,1,0.5,1,2,2,-0.5,2,75
6582991,93,1,1,-0.5,1,1,2,0.5,1,75
6582991,93,1,1,0.5,1,2,2,0.5,1,75
6582991,93,0,1,-0.5,1,1,2,0.5,2,75
6582991,93,1,1,0.5,1,2,2,0.5,2,75
6576548,94,1,1,-0.5,-1,1,1,-0.5,1,76
6576548,94,0,1,0.5,-1,2,1,-0.5,1,76
6576548,94,1,1,-0.5,-1,1,1,-0.5,2,76
6576548,94,0,1,0.5,-1,2,1,-0.5,2,76
6576548,94,1,1,-0.5,-1,1,1,0.5,1,76
6576548,94,0,1,0.5,-1,2,1,0.5,1,76
6576548,94,1,1,-0.5,-1,1,1,0.5,2,76
6576548,94,0,1,0.5,-1,2,1,0.5,2,76
6576640,95,1,1,-0.5,-1,1,1,-0.5,1,77
6576640,95,1,1,0.5,-1,2,1,-0.5,1,77
6576640,95,0,1,-0.5,-1,1,1,-0.5,2,77
6576640,95,1,1,0.5,-1,2,1,-0.5,2,77
6576640,95,1,1,-0.5,-1,1,1,0.5,1,77
6576640,95,0,1,0.5,-1,2,1,0.5,1,77
6576640,95,0,1,-0.5,-1,1,1,0.5,2,77
6576640,95,1,1,0.5,-1,2,1,0.5,2,77
6577301,98,1,1,-0.5,-1,1,1,-0.5,1,78
6577301,98,1,1,0.5,-1,2,1,-0.5,1,78
6577301,98,1,1,-0.5,-1,1,1,-0.5,2,78
6577301,98,0,1,0.5,-1,2,1,-0.5,2,78
6577301,98,0,1,-0.5,-1,1,1,0.5,1,78
6577301,98,0,1,0.5,-1,2,1,0.5,1,78
6577301,98,1,1,-0.5,-1,1,1,0.5,2,78
6577301,98,0,1,0.5,-1,2,1,0.5,2,78
6581436,101,0,1,-0.5,-1,1,1,-0.5,1,79
6581436,101,1,1,0.5,-1,2,1,-0.5,1,79
6581436,101,1,1,-0.5,-1,1,1,-0.5,2,79
6581436,101,0,1,0.5,-1,2,1,-0.5,2,79
6581436,101,0,1,-0.5,-1,1,1,0.5,1,79
6581436,101,1,1,0.5,-1,2,1,0.5,1,79
6581436,101,1,1,-0.5,-1,1,1,0.5,2,79
6581436,101,0,1,0.5,-1,2,1,0.5,2,79
6582871,105,1,1,-0.5,-1,1,1,-0.5,1,80
6582871,105,0,1,0.5,-1,2,1,-0.5,1,80
6582871,105,1,1,-0.5,-1,1,1,-0.5,2,80
6582871,105,0,1,0.5,-1,2,1,-0.5,2,80
6582871,105,0,1,-0.5,-1,1,1,0.5,1,80
6582871,105,0,1,0.5,-1,2,1,0.5,1,80
6582871,105,1,1,-0.5,-1,1,1,0.5,2,80
6582871,105,0,1,0.5,-1,2,1,0.5,2,80
6583058,106,1,1,-0.5,-1,1,1,-0.5,1,81
6583058,106,1,1,0.5,-1,2,1,-0.5,1,81
6583058,106,1,1,-0.5,-1,1,1,-0.5,2,81
6583058,106,0,1,0.5,-1,2,1,-0.5,2,81
6583058,106,0,1,-0.5,-1,1,1,0.5,1,81
6583058,106,1,1,0.5,-1,2,1,0.5,1,81
6583058,106,1,1,-0.5,-1,1,1,0.5,2,81
6583058,106,0,1,0.5,-1,2,1,0.5,2,81
6583073,107,1,1,-0.5,-1,1,1,-0.5,1,82
6583073,107,1,1,0.5,-1,2,1,-0.5,1,82
6583073,107,1,1,-0.5,-1,1,1,-0.5,2,82
6583073,107,1,1,0.5,-1,2,1,-0.5,2,82
6583073,107,1,1,-0.5,-1,1,1,0.5,1,82
6583073,107,0,1,0.5,-1,2,1,0.5,1,82
6583073,107,1,1,-0.5,-1,1,1,0.5,2,82
6583073,107,0,1,0.5,-1,2,1,0.5,2,82
6583134,108,1,1,-0.5,-1,1,1,-0.5,1,83
6583134,108,0,1,0.5,-1,2,1,-0.5,1,83
6583134,108,1,1,-0.5,-1,1,1,-0.5,2,83
6583134,108,0,1,0.5,-1,2,1,-0.5,2,83
6583134,108,1,1,-0.5,-1,1,1,0.5,1,83
6583134,108,1,1,0.5,-1,2,1,0.5,1,83
6583134,108,1,1,-0.5,-1,1,1,0.5,2,83
6583134,108,0,1,0.5,-1,2,1,0.5,2,83
6577334,113,0,1,-0.5,1,1,2,-0.5,1,84
6577334,113,1,1,0.5,1,2,2,-0.5,1,84
6577334,113,1,1,-0.5,1,1,2,-0.5,2,84
6577334,113,0,1,0.5,1,2,2,-0.5,2,84
6577334,113,1,1,-0.5,1,1,2,0.5,1,84
6577334,113,1,1,0.5,1,2,2,0.5,1,84
6577334,113,0,1,-0.5,1,1,2,0.5,2,84
6577334,113,1,1,0.5,1,2,2,0.5,2,84
6577319,114,0,1,-0.5,1,1,2,-0.5,1,85
6577319,114,0,1,0.5,1,2,2,-0.5,1,85
6577319,114,1,1,-0.5,1,1,2,-0.5,2,85
6577319,114,1,1,0.5,1,2,2,-0.5,2,85
6577319,114,0,1,-0.5,1,1,2,0.5,1,85
6577319,114,1,1,0.5,1,2,2,0.5,1,85
6577319,114,0,1,-0.5,1,1,2,0.5,2,85
6577319,114,0,1,0.5,1,2,2,0.5,2,85
6577345,116,1,1,-0.5,1,1,2,-0.5,1,86
6577345,116,1,1,0.5,1,2,2,-0.5,1,86
6577345,116,0,1,-0.5,1,1,2,-0.5,2,86
6577345,116,0,1,0.5,1,2,2,-0.5,2,86
6577345,116,1,1,-0.5,1,1,2,0.5,1,86
6577345,116,0,1,0.5,1,2,2,0.5,1,86
6577345,116,0,1,-0.5,1,1,2,0.5,2,86
6577345,116,1,1,0.5,1,2,2,0.5,2,86
6581442,118,1,1,-0.5,1,1,2,-0.5,1,87
6581442,118,1,1,0.5,1,2,2,-0.5,1,87
6581442,118,1,1,-0.5,1,1,2,-0.5,2,87
6581442,118,0,1,0.5,1,2,2,-0.5,2,87
6581442,118,0,1,-0.5,1,1,2,0.5,1,87
6581442,118,0,1,0.5,1,2,2,0.5,1,87
6581442,118,1,1,-0.5,1,1,2,0.5,2,87
6581442,118,0,1,0.5,1,2,2,0.5,2,87
6581449,119,1,1,-0.5,1,1,2,-0.5,1,88
6581449,119,1,1,0.5,1,2,2,-0.5,1,88
6581449,119,1,1,-0.5,1,1,2,-0.5,2,88
6581449,119,0,1,0.5,1,2,2,-0.5,2,88
6581449,119,1,1,-0.5,1,1,2,0.5,1,88
6581449,119,0,1,0.5,1,2,2,0.5,1,88
6581449,119,1,1,-0.5,1,1,2,0.5,2,88
6581449,119,0,1,0.5,1,2,2,0.5,2,88
6581500,121,1,1,-0.5,1,1,2,-0.5,1,89
6581500,121,1,1,0.5,1,2,2,-0.5,1,89
6581500,121,0,1,-0.5,1,1,2,-0.5,2,89
6581500,121,1,1,0.5,1,2,2,-0.5,2,89
6581500,121,1,1,-0.5,1,1,2,0.5,1,89
6581500,121,0,1,0.5,1,2,2,0.5,1,89
6581500,121,0,1,-0.5,1,1,2,0.5,2,89
6581500,121,0,1,0.5,1,2,2,0.5,2,89
6582987,122,1,1,-0.5,1,1,2,-0.5,1,90
6582987,122,1,1,0.5,1,2,2,-0.5,1,90
6582987,122,1,1,-0.5,1,1,2,-0.5,2,90
6582987,122,1,1,0.5,1,2,2,-0.5,2,90
6582987,122,1,1,-0.5,1,1,2,0.5,1,90
6582987,122,0,1,0.5,1,2,2,0.5,1,90
6582987,122,0,1,-0.5,1,1,2,0.5,2,90
6582987,122,0,1,0.5,1,2,2,0.5,2,90
6583190,124,1,1,-0.5,1,1,2,-0.5,1,91
6583190,124,1,1,0.5,1,2,2,-0.5,1,91
6583190,124,0,1,-0.5,1,1,2,-0.5,2,91
6583190,124,0,1,0.5,1,2,2,-0.5,2,91
6583190,124,0,1,-0.5,1,1,2,0.5,1,91
6583190,124,0,1,0.5,1,2,2,0.5,1,91
6583190,124,0,1,-0.5,1,1,2,0.5,2,91
6583190,124,0,1,0.5,1,2,2,0.5,2,91
6583966,125,1,1,-0.5,1,1,2,-0.5,1,92
6583966,125,1,1,0.5,1,2,2,-0.5,1,92
6583966,125,1,1,-0.5,1,1,2,-0.5,2,92
6583966,125,0,1,0.5,1,2,2,-0.5,2,92
6583966,125,0,1,-0.5,1,1,2,0.5,1,92
6583966,125,0,1,0.5,1,2,2,0.5,1,92
6583966,125,0,1,-0.5,1,1,2,0.5,2,92
6583966,125,0,1,0.5,1,2,2,0.5,2,92
6576552,126,1,1,-0.5,-1,1,1,-0.5,1,93
6576552,126,0,1,0.5,-1,2,1,-0.5,1,93
6576552,126,1,1,-0.5,-1,1,1,-0.5,2,93
6576552,126,0,1,0.5,-1,2,1,-0.5,2,93
6576552,126,1,1,-0.5,-1,1,1,0.5,1,93
6576552,126,0,1,0.5,-1,2,1,0.5,1,93
6576552,126,0,1,-0.5,-1,1,1,0.5,2,93
6576552,126,1,1,0.5,-1,2,1,0.5,2,93
6576642,128,0,1,-0.5,-1,1,1,-0.5,1,94
6576642,128,1,1,0.5,-1,2,1,-0.5,1,94
6576642,128,1,1,-0.5,-1,1,1,-0.5,2,94
6576642,128,1,1,0.5,-1,2,1,-0.5,2,94
6576642,128,1,1,-0.5,-1,1,1,0.5,1,94
6576642,128,0,1,0.5,-1,2,1,0.5,1,94
6576642,128,1,1,-0.5,-1,1,1,0.5,2,94
6576642,128,0,1,0.5,-1,2,1,0.5,2,94
6576935,129,1,1,-0.5,-1,1,1,-0.5,1,95
6576935,129,0,1,0.5,-1,2,1,-0.5,1,95
6576935,129,1,1,-0.5,-1,1,1,-0.5,2,95
6576935,129,1,1,0.5,-1,2,1,-0.5,2,95
6576935,129,0,1,-0.5,-1,1,1,0.5,1,95
6576935,129,1,1,0.5,-1,2,1,0.5,1,95
6576935,129,0,1,-0.5,-1,1,1,0.5,2,95
6576935,129,1,1,0.5,-1,2,1,0.5,2,95
6577354,130,0,1,-0.5,-1,1,1,-0.5,1,96
6577354,130,0,1,0.5,-1,2,1,-0.5,1,96
6577354,130,1,1,-0.5,-1,1,1,-0.5,2,96
6577354,130,0,1,0.5,-1,2,1,-0.5,2,96
6577354,130,1,1,-0.5,-1,1,1,0.5,1,96
6577354,130,0,1,0.5,-1,2,1,0.5,1,96
6577354,130,1,1,-0.5,-1,1,1,0.5,2,96
6577354,130,0,1,0.5,-1,2,1,0.5,2,96
6577335,131,1,1,-0.5,-1,1,1,-0.5,1,97
6577335,131,0,1,0.5,-1,2,1,-0.5,1,97
6577335,131,0,1,-0.5,-1,1,1,-0.5,2,97
6577335,131,1,1,0.5,-1,2,1,-0.5,2,97
6577335,131,1,1,-0.5,-1,1,1,0.5,1,97
6577335,131,0,1,0.5,-1,2,1,0.5,1,97
6577335,131,0,1,-0.5,-1,1,1,0.5,2,97
6577335,131,1,1,0.5,-1,2,1,0.5,2,97
6577339,132,1,1,-0.5,-1,1,1,-0.5,1,98
6577339,132,0,1,0.5,-1,2,1,-0.5,1,98
6577339,132,0,1,-0.5,-1,1,1,-0.5,2,98
6577339,132,1,1,0.5,-1,2,1,-0.5,2,98
6577339,132,0,1,-0.5,-1,1,1,0.5,1,98
6577339,132,1,1,0.5,-1,2,1,0.5,1,98
6577339,132,0,1,-0.5,-1,1,1,0.5,2,98
6577339,132,0,1,0.5,-1,2,1,0.5,2,98
6581414,134,1,1,-0.5,-1,1,1,-0.5,1,99
6581414,134,0,1,0.5,-1,2,1,-0.5,1,99
6581414,134,1,1,-0.5,-1,1,1,-0.5,2,99
6581414,134,0,1,0.5,-1,2,1,-0.5,2,99
6581414,134,1,1,-0.5,-1,1,1,0.5,1,99
6581414,134,1,1,0.5,-1,2,1,0.5,1,99
6581414,134,0,1,-0.5,-1,1,1,0.5,2,99
6581414,134,1,1,0.5,-1,2,1,0.5,2,99
6581435,135,0,1,-0.5,-1,1,1,-0.5,1,100
6581435,135,0,1,0.5,-1,2,1,-0.5,1,100
6581435,135,1,1,-0.5,-1,1,1,-0.5,2,100
6581435,135,1,1,0.5,-1,2,1,-0.5,2,100
6581435,135,0,1,-0.5,-1,1,1,0.5,1,100
6581435,135,0,1,0.5,-1,2,1,0.5,1,100
6581435,135,1,1,-0.5,-1,1,1,0.5,2,100
6581435,135,1,1,0.5,-1,2,1,0.5,2,100
6581440,136,0,1,-0.5,-1,1,1,-0.5,1,101
6581440,136,1,1,0.5,-1,2,1,-0.5,1,101
6581440,136,1,1,-0.5,-1,1,1,-0.5,2,101
6581440,136,0,1,0.5,-1,2,1,-0.5,2,101
6581440,136,1,1,-0.5,-1,1,1,0.5,1,101
6581440,136,1,1,0.5,-1,2,1,0.5,1,101
6581440,136,1,1,-0.5,-1,1,1,0.5,2,101
6581440,136,1,1,0.5,-1,2,1,0.5,2,101
6581656,137,1,1,-0.5,-1,1,1,-0.5,1,102
6581656,137,1,1,0.5,-1,2,1,-0.5,1,102
6581656,137,0,1,-0.5,-1,1,1,-0.5,2,102
6581656,137,1,1,0.5,-1,2,1,-0.5,2,102
6581656,137,1,1,-0.5,-1,1,1,0.5,1,102
6581656,137,1,1,0.5,-1,2,1,0.5,1,102
6581656,137,0,1,-0.5,-1,1,1,0.5,2,102
6581656,137,1,1,0.5,-1,2,1,0.5,2,102
6583002,138,1,1,-0.5,-1,1,1,-0.5,1,103
6583002,138,0,1,0.5,-1,2,1,-0.5,1,103
6583002,138,1,1,-0.5,-1,1,1,-0.5,2,103
6583002,138,0,1,0.5,-1,2,1,-0.5,2,103
6583002,138,1,1,-0.5,-1,1,1,0.5,1,103
6583002,138,0,1,0.5,-1,2,1,0.5,1,103
6583002,138,1,1,-0.5,-1,1,1,0.5,2,103
6583002,138,0,1,0.5,-1,2,1,0.5,2,103
6583231,140,1,1,-0.5,-1,1,1,-0.5,1,104
6583231,140,0,1,0.5,-1,2,1,-0.5,1,104
6583231,140,1,1,-0.5,-1,1,1,-0.5,2,104
6583231,140,0,1,0.5,-1,2,1,-0.5,2,104
6583231,140,1,1,-0.5,-1,1,1,0.5,1,104
6583231,140,1,1,0.5,-1,2,1,0.5,1,104
6583231,140,1,1,-0.5,-1,1,1,0.5,2,104
6583231,140,0,1,0.5,-1,2,1,0.5,2,104
6576585,141,0,1,-0.5,1,1,2,-0.5,1,105
6576585,141,1,1,0.5,1,2,2,-0.5,1,105
6576585,141,1,1,-0.5,1,1,2,-0.5,2,105
6576585,141,0,1,0.5,1,2,2,-0.5,2,105
6576585,141,0,1,-0.5,1,1,2,0.5,1,105
6576585,141,1,1,0.5,1,2,2,0.5,1,105
6576585,141,0,1,-0.5,1,1,2,0.5,2,105
6576585,141,0,1,0.5,1,2,2,0.5,2,105
6576616,142,0,1,-0.5,1,1,2,-0.5,1,106
6576616,142,1,1,0.5,1,2,2,-0.5,1,106
6576616,142,1,1,-0.5,1,1,2,-0.5,2,106
6576616,142,1,1,0.5,1,2,2,-0.5,2,106
6576616,142,1,1,-0.5,1,1,2,0.5,1,106
6576616,142,1,1,0.5,1,2,2,0.5,1,106
6576616,142,1,1,-0.5,1,1,2,0.5,2,106
6576616,142,0,1,0.5,1,2,2,0.5,2,106
6577428,146,0,1,-0.5,1,1,2,-0.5,1,107
6577428,146,1,1,0.5,1,2,2,-0.5,1,107
6577428,146,1,1,-0.5,1,1,2,-0.5,2,107
6577428,146,1,1,0.5,1,2,2,-0.5,2,107
6577428,146,1,1,-0.5,1,1,2,0.5,1,107
6577428,146,0,1,0.5,1,2,2,0.5,1,107
6577428,146,0,1,-0.5,1,1,2,0.5,2,107
6577428,146,1,1,0.5,1,2,2,0.5,2,107
6577308,147,1,1,-0.5,1,1,2,-0.5,1,108
6577308,147,1,1,0.5,1,2,2,-0.5,1,108
6577308,147,1,1,-0.5,1,1,2,-0.5,2,108
6577308,147,1,1,0.5,1,2,2,-0.5,2,108
6577308,147,0,1,-0.5,1,1,2,0.5,1,108
6577308,147,0,1,0.5,1,2,2,0.5,1,108
6577308,147,0,1,-0.5,1,1,2,0.5,2,108
6577308,147,1,1,0.5,1,2,2,0.5,2,108
6581443,148,0,1,-0.5,1,1,2,-0.5,1,109
6581443,148,1,1,0.5,1,2,2,-0.5,1,109
6581443,148,1,1,-0.5,1,1,2,-0.5,2,109
6581443,148,1,1,0.5,1,2,2,-0.5,2,109
6581443,148,0,1,-0.5,1,1,2,0.5,1,109
6581443,148,1,1,0.5,1,2,2,0.5,1,109
6581443,148,0,1,-0.5,1,1,2,0.5,2,109
6581443,148,1,1,0.5,1,2,2,0.5,2,109
6581502,150,1,1,-0.5,1,1,2,-0.5,1,110
6581502,150,1,1,0.5,1,2,2,-0.5,1,110
6581502,150,1,1,-0.5,1,1,2,-0.5,2,110
6581502,150,0,1,0.5,1,2,2,-0.5,2,110
6581502,150,0,1,-0.5,1,1,2,0.5,1,110
6581502,150,1,1,0.5,1,2,2,0.5,1,110
6581502,150,1,1,-0.5,1,1,2,0.5,2,110
6581502,150,0,1,0.5,1,2,2,0.5,2,110
6583155,154,0,1,-0.5,1,1,2,-0.5,1,111
6583155,154,1,1,0.5,1,2,2,-0.5,1,111
6583155,154,1,1,-0.5,1,1,2,-0.5,2,111
6583155,154,1,1,0.5,1,2,2,-0.5,2,111
6583155,154,1,1,-0.5,1,1,2,0.5,1,111
6583155,154,0,1,0.5,1,2,2,0.5,1,111
6583155,154,0,1,-0.5,1,1,2,0.5,2,111
6583155,154,1,1,0.5,1,2,2,0.5,2,111
6576590,155,0,1,-0.5,1,1,2,-0.5,1,112
6576590,155,0,1,0.5,1,2,2,-0.5,1,112
6576590,155,1,1,-0.5,1,1,2,-0.5,2,112
6576590,155,1,1,0.5,1,2,2,-0.5,2,112
6576590,155,1,1,-0.5,1,1,2,0.5,1,112
6576590,155,1,1,0.5,1,2,2,0.5,1,112
6576590,155,0,1,-0.5,1,1,2,0.5,2,112
6576590,155,0,1,0.5,1,2,2,0.5,2,112
6576723,156,0,1,-0.5,1,1,2,-0.5,1,113
6576723,156,1,1,0.5,1,2,2,-0.5,1,113
6576723,156,1,1,-0.5,1,1,2,-0.5,2,113
6576723,156,0,1,0.5,1,2,2,-0.5,2,113
6576723,156,1,1,-0.5,1,1,2,0.5,1,113
6576723,156,0,1,0.5,1,2,2,0.5,1,113
6576723,156,0,1,-0.5,1,1,2,0.5,2,113
6576723,156,1,1,0.5,1,2,2,0.5,2,113
6577041,157,0,1,-0.5,1,1,2,-0.5,1,114
6577041,157,1,1,0.5,1,2,2,-0.5,1,114
6577041,157,1,1,-0.5,1,1,2,-0.5,2,114
6577041,157,0,1,0.5,1,2,2,-0.5,2,114
6577041,157,1,1,-0.5,1,1,2,0.5,1,114
6577041,157,0,1,0.5,1,2,2,0.5,1,114
6577041,157,1,1,-0.5,1,1,2,0.5,2,114
6577041,157,1,1,0.5,1,2,2,0.5,2,114
6577342,158,0,1,-0.5,1,1,2,-0.5,1,115
6577342,158,0,1,0.5,1,2,2,-0.5,1,115
6577342,158,1,1,-0.5,1,1,2,-0.5,2,115
6577342,158,1,1,0.5,1,2,2,-0.5,2,115
6577342,158,1,1,-0.5,1,1,2,0.5,1,115
6577342,158,1,1,0.5,1,2,2,0.5,1,115
6577342,158,0,1,-0.5,1,1,2,0.5,2,115
6577342,158,0,1,0.5,1,2,2,0.5,2,115
6577346,159,1,1,-0.5,1,1,2,-0.5,1,116
6577346,159,0,1,0.5,1,2,2,-0.5,1,116
6577346,159,1,1,-0.5,1,1,2,-0.5,2,116
6577346,159,1,1,0.5,1,2,2,-0.5,2,116
6577346,159,1,1,-0.5,1,1,2,0.5,1,116
6577346,159,1,1,0.5,1,2,2,0.5,1,116
6577346,159,0,1,-0.5,1,1,2,0.5,2,116
6577346,159,0,1,0.5,1,2,2,0.5,2,116
6577419,160,1,1,-0.5,1,1,2,-0.5,1,117
6577419,160,0,1,0.5,1,2,2,-0.5,1,117
6577419,160,1,1,-0.5,1,1,2,-0.5,2,117
6577419,160,0,1,0.5,1,2,2,-0.5,2,117
6577419,160,1,1,-0.5,1,1,2,0.5,1,117
6577419,160,1,1,0.5,1,2,2,0.5,1,117
6577419,160,0,1,-0.5,1,1,2,0.5,2,117
6577419,160,1,1,0.5,1,2,2,0.5,2,117
6581427,162,1,1,-0.5,1,1,2,-0.5,1,118
6581427,162,1,1,0.5,1,2,2,-0.5,1,118
6581427,162,1,1,-0.5,1,1,2,-0.5,2,118
6581427,162,0,1,0.5,1,2,2,-0.5,2,118
6581427,162,1,1,-0.5,1,1,2,0.5,1,118
6581427,162,1,1,0.5,1,2,2,0.5,1,118
6581427,162,0,1,-0.5,1,1,2,0.5,2,118
6581427,162,1,1,0.5,1,2,2,0.5,2,118
6581506,163,1,1,-0.5,1,1,2,-0.5,1,119
6581506,163,1,1,0.5,1,2,2,-0.5,1,119
6581506,163,0,1,-0.5,1,1,2,-0.5,2,119
6581506,163,0,1,0.5,1,2,2,-0.5,2,119
6581506,163,1,1,-0.5,1,1,2,0.5,1,119
6581506,163,1,1,0.5,1,2,2,0.5,1,119
6581506,163,0,1,-0.5,1,1,2,0.5,2,119
6581506,163,1,1,0.5,1,2,2,0.5,2,119
6581549,164,1,1,-0.5,1,1,2,-0.5,1,120
6581549,164,1,1,0.5,1,2,2,-0.5,1,120
6581549,164,0,1,-0.5,1,1,2,-0.5,2,120
6581549,164,0,1,0.5,1,2,2,-0.5,2,120
6581549,164,1,1,-0.5,1,1,2,0.5,1,120
6581549,164,1,1,0.5,1,2,2,0.5,1,120
6581549,164,0,1,-0.5,1,1,2,0.5,2,120
6581549,164,1,1,0.5,1,2,2,0.5,2,120
6581527,165,0,1,-0.5,1,1,2,-0.5,1,121
6581527,165,1,1,0.5,1,2,2,-0.5,1,121
6581527,165,1,1,-0.5,1,1,2,-0.5,2,121
6581527,165,0,1,0.5,1,2,2,-0.5,2,121
6581527,165,0,1,-0.5,1,1,2,0.5,1,121
6581527,165,1,1,0.5,1,2,2,0.5,1,121
6581527,165,1,1,-0.5,1,1,2,0.5,2,121
6581527,165,1,1,0.5,1,2,2,0.5,2,121
6583067,166,0,1,-0.5,1,1,2,-0.5,1,122
6583067,166,1,1,0.5,1,2,2,-0.5,1,122
6583067,166,0,1,-0.5,1,1,2,-0.5,2,122
6583067,166,0,1,0.5,1,2,2,-0.5,2,122
6583067,166,0,1,-0.5,1,1,2,0.5,1,122
6583067,166,1,1,0.5,1,2,2,0.5,1,122
6583067,166,0,1,-0.5,1,1,2,0.5,2,122
6583067,166,0,1,0.5,1,2,2,0.5,2,122
6582992,167,1,1,-0.5,1,1,2,-0.5,1,123
6582992,167,1,1,0.5,1,2,2,-0.5,1,123
6582992,167,0,1,-0.5,1,1,2,-0.5,2,123
6582992,167,0,1,0.5,1,2,2,-0.5,2,123
6582992,167,1,1,-0.5,1,1,2,0.5,1,123
6582992,167,1,1,0.5,1,2,2,0.5,1,123
6582992,167,0,1,-0.5,1,1,2,0.5,2,123
6582992,167,1,1,0.5,1,2,2,0.5,2,123
6576599,169,0,1,-0.5,-1,1,1,-0.5,1,124
6576599,169,0,1,0.5,-1,2,1,-0.5,1,124
6576599,169,1,1,-0.5,-1,1,1,-0.5,2,124
6576599,169,0,1,0.5,-1,2,1,-0.5,2,124
6576599,169,1,1,-0.5,-1,1,1,0.5,1,124
6576599,169,1,1,0.5,-1,2,1,0.5,1,124
6576599,169,1,1,-0.5,-1,1,1,0.5,2,124
6576599,169,0,1,0.5,-1,2,1,0.5,2,124
6576591,170,0,1,-0.5,-1,1,1,-0.5,1,125
6576591,170,0,1,0.5,-1,2,1,-0.5,1,125
6576591,170,1,1,-0.5,-1,1,1,-0.5,2,125
6576591,170,1,1,0.5,-1,2,1,-0.5,2,125
6576591,170,1,1,-0.5,-1,1,1,0.5,1,125
6576591,170,1,1,0.5,-1,2,1,0.5,1,125
6576591,170,0,1,-0.5,-1,1,1,0.5,2,125
6576591,170,0,1,0.5,-1,2,1,0.5,2,125
6577331,172,1,1,-0.5,-1,1,1,-0.5,1,126
6577331,172,1,1,0.5,-1,2,1,-0.5,1,126
6577331,172,1,1,-0.5,-1,1,1,-0.5,2,126
6577331,172,1,1,0.5,-1,2,1,-0.5,2,126
6577331,172,1,1,-0.5,-1,1,1,0.5,1,126
6577331,172,1,1,0.5,-1,2,1,0.5,1,126
6577331,172,1,1,-0.5,-1,1,1,0.5,2,126
6577331,172,0,1,0.5,-1,2,1,0.5,2,126
6577314,173,1,1,-0.5,-1,1,1,-0.5,1,127
6577314,173,1,1,0.5,-1,2,1,-0.5,1,127
6577314,173,1,1,-0.5,-1,1,1,-0.5,2,127
6577314,173,0,1,0.5,-1,2,1,-0.5,2,127
6577314,173,1,1,-0.5,-1,1,1,0.5,1,127
6577314,173,0,1,0.5,-1,2,1,0.5,1,127
6577314,173,0,1,-0.5,-1,1,1,0.5,2,127
6577314,173,0,1,0.5,-1,2,1,0.5,2,127
6577522,174,0,1,-0.5,-1,1,1,-0.5,1,128
6577522,174,1,1,0.5,-1,2,1,-0.5,1,128
6577522,174,0,1,-0.5,-1,1,1,-0.5,2,128
6577522,174,1,1,0.5,-1,2,1,-0.5,2,128
6577522,174,1,1,-0.5,-1,1,1,0.5,1,128
6577522,174,1,1,0.5,-1,2,1,0.5,1,128
6577522,174,0,1,-0.5,-1,1,1,0.5,2,128
6577522,174,1,1,0.5,-1,2,1,0.5,2,128
6581439,176,1,1,-0.5,-1,1,1,-0.5,1,129
6581439,176,1,1,0.5,-1,2,1,-0.5,1,129
6581439,176,1,1,-0.5,-1,1,1,-0.5,2,129
6581439,176,1,1,0.5,-1,2,1,-0.5,2,129
6581439,176,0,1,-0.5,-1,1,1,0.5,1,129
6581439,176,0,1,0.5,-1,2,1,0.5,1,129
6581439,176,1,1,-0.5,-1,1,1,0.5,2,129
6581439,176,1,1,0.5,-1,2,1,0.5,2,129
6581466,177,1,1,-0.5,-1,1,1,-0.5,1,130
6581466,177,0,1,0.5,-1,2,1,-0.5,1,130
6581466,177,1,1,-0.5,-1,1,1,-0.5,2,130
6581466,177,0,1,0.5,-1,2,1,-0.5,2,130
6581466,177,1,1,-0.5,-1,1,1,0.5,1,130
6581466,177,1,1,0.5,-1,2,1,0.5,1,130
6581466,177,1,1,-0.5,-1,1,1,0.5,2,130
6581466,177,0,1,0.5,-1,2,1,0.5,2,130
6581468,178,0,1,-0.5,-1,1,1,-0.5,1,131
6581468,178,1,1,0.5,-1,2,1,-0.5,1,131
6581468,178,1,1,-0.5,-1,1,1,-0.5,2,131
6581468,178,1,1,0.5,-1,2,1,-0.5,2,131
6581468,178,0,1,-0.5,-1,1,1,0.5,1,131
6581468,178,1,1,0.5,-1,2,1,0.5,1,131
6581468,178,0,1,-0.5,-1,1,1,0.5,2,131
6581468,178,1,1,0.5,-1,2,1,0.5,2,131
6581893,179,1,1,-0.5,-1,1,1,-0.5,1,132
6581893,179,1,1,0.5,-1,2,1,-0.5,1,132
6581893,179,0,1,-0.5,-1,1,1,-0.5,2,132
6581893,179,0,1,0.5,-1,2,1,-0.5,2,132
6581893,179,1,1,-0.5,-1,1,1,0.5,1,132
6581893,179,0,1,0.5,-1,2,1,0.5,1,132
6581893,179,1,1,-0.5,-1,1,1,0.5,2,132
6581893,179,1,1,0.5,-1,2,1,0.5,2,132
6583068,180,1,1,-0.5,-1,1,1,-0.5,1,133
6583068,180,1,1,0.5,-1,2,1,-0.5,1,133
6583068,180,1,1,-0.5,-1,1,1,-0.5,2,133
6583068,180,0,1,0.5,-1,2,1,-0.5,2,133
6583068,180,1,1,-0.5,-1,1,1,0.5,1,133
6583068,180,1,1,0.5,-1,2,1,0.5,1,133
6583068,180,1,1,-0.5,-1,1,1,0.5,2,133
6583068,180,0,1,0.5,-1,2,1,0.5,2,133
6583056,181,1,1,-0.5,-1,1,1,-0.5,1,134
6583056,181,0,1,0.5,-1,2,1,-0.5,1,134
6583056,181,1,1,-0.5,-1,1,1,-0.5,2,134
6583056,181,1,1,0.5,-1,2,1,-0.5,2,134
6583056,181,0,1,-0.5,-1,1,1,0.5,1,134
6583056,181,1,1,0.5,-1,2,1,0.5,1,134
6583056,181,0,1,-0.5,-1,1,1,0.5,2,134
6583056,181,0,1,0.5,-1,2,1,0.5,2,134
6582982,182,1,1,-0.5,-1,1,1,-0.5,1,135
6582982,182,1,1,0.5,-1,2,1,-0.5,1,135
6582982,182,1,1,-0.5,-1,1,1,-0.5,2,135
6582982,182,0,1,0.5,-1,2,1,-0.5,2,135
6582982,182,1,1,-0.5,-1,1,1,0.5,1,135
6582982,182,1,1,0.5,-1,2,1,0.5,1,135
6582982,182,1,1,-0.5,-1,1,1,0.5,2,135
6582982,182,0,1,0.5,-1,2,1,0.5,2,135
6576575,185,1,1,-0.5,-1,1,1,-0.5,1,136
6576575,185,1,1,0.5,-1,2,1,-0.5,1,136
6576575,185,1,1,-0.5,-1,1,1,-0.5,2,136
6576575,185,0,1,0.5,-1,2,1,-0.5,2,136
6576575,185,1,1,-0.5,-1,1,1,0.5,1,136
6576575,185,1,1,0.5,-1,2,1,0.5,1,136
6576575,185,1,1,-0.5,-1,1,1,0.5,2,136
6576575,185,0,1,0.5,-1,2,1,0.5,2,136
6577030,187,1,1,-0.5,-1,1,1,-0.5,1,137
6577030,187,1,1,0.5,-1,2,1,-0.5,1,137
6577030,187,0,1,-0.5,-1,1,1,-0.5,2,137
6577030,187,1,1,0.5,-1,2,1,-0.5,2,137
6577030,187,0,1,-0.5,-1,1,1,0.5,1,137
6577030,187,1,1,0.5,-1,2,1,0.5,1,137
6577030,187,0,1,-0.5,-1,1,1,0.5,2,137
6577030,187,0,1,0.5,-1,2,1,0.5,2,137
6577359,188,1,1,-0.5,-1,1,1,-0.5,1,138
6577359,188,1,1,0.5,-1,2,1,-0.5,1,138
6577359,188,1,1,-0.5,-1,1,1,-0.5,2,138
6577359,188,1,1,0.5,-1,2,1,-0.5,2,138
6577359,188,1,1,-0.5,-1,1,1,0.5,1,138
6577359,188,1,1,0.5,-1,2,1,0.5,1,138
6577359,188,1,1,-0.5,-1,1,1,0.5,2,138
6577359,188,1,1,0.5,-1,2,1,0.5,2,138
6577352,189,0,1,-0.5,-1,1,1,-0.5,1,139
6577352,189,1,1,0.5,-1,2,1,-0.5,1,139
6577352,189,0,1,-0.5,-1,1,1,-0.5,2,139
6577352,189,1,1,0.5,-1,2,1,-0.5,2,139
6577352,189,1,1,-0.5,-1,1,1,0.5,1,139
6577352,189,1,1,0.5,-1,2,1,0.5,1,139
6577352,189,1,1,-0.5,-1,1,1,0.5,2,139
6577352,189,1,1,0.5,-1,2,1,0.5,2,139
6577333,190,1,1,-0.5,-1,1,1,-0.5,1,140
6577333,190,1,1,0.5,-1,2,1,-0.5,1,140
6577333,190,1,1,-0.5,-1,1,1,-0.5,2,140
6577333,190,1,1,0.5,-1,2,1,-0.5,2,140
6577333,190,0,1,-0.5,-1,1,1,0.5,1,140
6577333,190,0,1,0.5,-1,2,1,0.5,1,140
6577333,190,1,1,-0.5,-1,1,1,0.5,2,140
6577333,190,0,1,0.5,-1,2,1,0.5,2,140
6577897,191,0,1,-0.5,-1,1,1,-0.5,1,141
6577897,191,1,1,0.5,-1,2,1,-0.5,1,141
6577897,191,0,1,-0.5,-1,1,1,-0.5,2,141
6577897,191,1,1,0.5,-1,2,1,-0.5,2,141
6577897,191,0,1,-0.5,-1,1,1,0.5,1,141
6577897,191,1,1,0.5,-1,2,1,0.5,1,141
6577897,191,1,1,-0.5,-1,1,1,0.5,2,141
6577897,191,0,1,0.5,-1,2,1,0.5,2,141
6581417,192,1,1,-0.5,-1,1,1,-0.5,1,142
6581417,192,1,1,0.5,-1,2,1,-0.5,1,142
6581417,192,1,1,-0.5,-1,1,1,-0.5,2,142
6581417,192,1,1,0.5,-1,2,1,-0.5,2,142
6581417,192,1,1,-0.5,-1,1,1,0.5,1,142
6581417,192,0,1,0.5,-1,2,1,0.5,1,142
6581417,192,1,1,-0.5,-1,1,1,0.5,2,142
6581417,192,1,1,0.5,-1,2,1,0.5,2,142
6581459,193,1,1,-0.5,-1,1,1,-0.5,1,143
6581459,193,1,1,0.5,-1,2,1,-0.5,1,143
6581459,193,1,1,-0.5,-1,1,1,-0.5,2,143
6581459,193,1,1,0.5,-1,2,1,-0.5,2,143
6581459,193,1,1,-0.5,-1,1,1,0.5,1,143
6581459,193,0,1,0.5,-1,2,1,0.5,1,143
6581459,193,1,1,-0.5,-1,1,1,0.5,2,143
6581459,193,1,1,0.5,-1,2,1,0.5,2,143
6581456,194,1,1,-0.5,-1,1,1,-0.5,1,144
6581456,194,0,1,0.5,-1,2,1,-0.5,1,144
6581456,194,1,1,-0.5,-1,1,1,-0.5,2,144
6581456,194,1,1,0.5,-1,2,1,-0.5,2,144
6581456,194,1,1,-0.5,-1,1,1,0.5,1,144
6581456,194,1,1,0.5,-1,2,1,0.5,1,144
6581456,194,1,1,-0.5,-1,1,1,0.5,2,144
6581456,194,0,1,0.5,-1,2,1,0.5,2,144
6582983,195,1,1,-0.5,-1,1,1,-0.5,1,145
6582983,195,1,1,0.5,-1,2,1,-0.5,1,145
6582983,195,0,1,-0.5,-1,1,1,-0.5,2,145
6582983,195,0,1,0.5,-1,2,1,-0.5,2,145
6582983,195,1,1,-0.5,-1,1,1,0.5,1,145
6582983,195,1,1,0.5,-1,2,1,0.5,1,145
6582983,195,1,1,-0.5,-1,1,1,0.5,2,145
6582983,195,0,1,0.5,-1,2,1,0.5,2,145
6583109,196,0,1,-0.5,-1,1,1,-0.5,1,146
6583109,196,1,1,0.5,-1,2,1,-0.5,1,146
6583109,196,1,1,-0.5,-1,1,1,-0.5,2,146
6583109,196,0,1,0.5,-1,2,1,-0.5,2,146
6583109,196,0,1,-0.5,-1,1,1,0.5,1,146
6583109,196,1,1,0.5,-1,2,1,0.5,1,146
6583109,196,1,1,-0.5,-1,1,1,0.5,2,146
6583109,196,0,1,0.5,-1,2,1,0.5,2,146
6582980,197,1,1,-0.5,-1,1,1,-0.5,1,147
6582980,197,1,1,0.5,-1,2,1,-0.5,1,147
6582980,197,1,1,-0.5,-1,1,1,-0.5,2,147
6582980,197,0,1,0.5,-1,2,1,-0.5,2,147
6582980,197,1,1,-0.5,-1,1,1,0.5,1,147
6582980,197,1,1,0.5,-1,2,1,0.5,1,147
6582980,197,1,1,-0.5,-1,1,1,0.5,2,147
6582980,197,0,1,0.5,-1,2,1,0.5,2,147
6576543,199,1,1,-0.5,1,1,2,-0.5,1,148
6576543,199,0,1,0.5,1,2,2,-0.5,1,148
6576543,199,1,1,-0.5,1,1,2,-0.5,2,148
6576543,199,0,1,0.5,1,2,2,-0.5,2,148
6576543,199,1,1,-0.5,1,1,2,0.5,1,148
6576543,199,0,1,0.5,1,2,2,0.5,1,148
6576543,199,1,1,-0.5,1,1,2,0.5,2,148
6576543,199,1,1,0.5,1,2,2,0.5,2,148
6576643,201,1,1,-0.5,1,1,2,-0.5,1,149
6576643,201,0,1,0.5,1,2,2,-0.5,1,149
6576643,201,0,1,-0.5,1,1,2,-0.5,2,149
6576643,201,0,1,0.5,1,2,2,-0.5,2,149
6576643,201,0,1,-0.5,1,1,2,0.5,1,149
6576643,201,0,1,0.5,1,2,2,0.5,1,149
6576643,201,1,1,-0.5,1,1,2,0.5,2,149
6576643,201,1,1,0.5,1,2,2,0.5,2,149
6576836,202,1,1,-0.5,1,1,2,-0.5,1,150
6576836,202,0,1,0.5,1,2,2,-0.5,1,150
6576836,202,1,1,-0.5,1,1,2,-0.5,2,150
6576836,202,1,1,0.5,1,2,2,-0.5,2,150
6576836,202,0,1,-0.5,1,1,2,0.5,1,150
6576836,202,1,1,0.5,1,2,2,0.5,1,150
6576836,202,0,1,-0.5,1,1,2,0.5,2,150
6576836,202,0,1,0.5,1,2,2,0.5,2,150
6577326,203,1,1,-0.5,1,1,2,-0.5,1,151
6577326,203,1,1,0.5,1,2,2,-0.5,1,151
6577326,203,0,1,-0.5,1,1,2,-0.5,2,151
6577326,203,1,1,0.5,1,2,2,-0.5,2,151
6577326,203,1,1,-0.5,1,1,2,0.5,1,151
6577326,203,0,1,0.5,1,2,2,0.5,1,151
6577326,203,1,1,-0.5,1,1,2,0.5,2,151
6577326,203,1,1,0.5,1,2,2,0.5,2,151
6577330,204,1,1,-0.5,1,1,2,-0.5,1,152
6577330,204,0,1,0.5,1,2,2,-0.5,1,152
6577330,204,1,1,-0.5,1,1,2,-0.5,2,152
6577330,204,0,1,0.5,1,2,2,-0.5,2,152
6577330,204,0,1,-0.5,1,1,2,0.5,1,152
6577330,204,1,1,0.5,1,2,2,0.5,1,152
6577330,204,1,1,-0.5,1,1,2,0.5,2,152
6577330,204,0,1,0.5,1,2,2,0.5,2,152
6577438,205,1,1,-0.5,1,1,2,-0.5,1,153
6577438,205,0,1,0.5,1,2,2,-0.5,1,153
6577438,205,1,1,-0.5,1,1,2,-0.5,2,153
6577438,205,1,1,0.5,1,2,2,-0.5,2,153
6577438,205,1,1,-0.5,1,1,2,0.5,1,153
6577438,205,0,1,0.5,1,2,2,0.5,1,153
6577438,205,1,1,-0.5,1,1,2,0.5,2,153
6577438,205,0,1,0.5,1,2,2,0.5,2,153
6581426,206,0,1,-0.5,1,1,2,-0.5,1,154
6581426,206,0,1,0.5,1,2,2,-0.5,1,154
6581426,206,1,1,-0.5,1,1,2,-0.5,2,154
6581426,206,0,1,0.5,1,2,2,-0.5,2,154
6581426,206,1,1,-0.5,1,1,2,0.5,1,154
6581426,206,0,1,0.5,1,2,2,0.5,1,154
6581426,206,1,1,-0.5,1,1,2,0.5,2,154
6581426,206,0,1,0.5,1,2,2,0.5,2,154
6581470,207,1,1,-0.5,1,1,2,-0.5,1,155
6581470,207,0,1,0.5,1,2,2,-0.5,1,155
6581470,207,1,1,-0.5,1,1,2,-0.5,2,155
6581470,207,1,1,0.5,1,2,2,-0.5,2,155
6581470,207,1,1,-0.5,1,1,2,0.5,1,155
6581470,207,1,1,0.5,1,2,2,0.5,1,155
6581470,207,1,1,-0.5,1,1,2,0.5,2,155
6581470,207,0,1,0.5,1,2,2,0.5,2,155
6581430,208,1,1,-0.5,1,1,2,-0.5,1,156
6581430,208,1,1,0.5,1,2,2,-0.5,1,156
6581430,208,1,1,-0.5,1,1,2,-0.5,2,156
6581430,208,0,1,0.5,1,2,2,-0.5,2,156
6581430,208,0,1,-0.5,1,1,2,0.5,1,156
6581430,208,0,1,0.5,1,2,2,0.5,1,156
6581430,208,1,1,-0.5,1,1,2,0.5,2,156
6581430,208,0,1,0.5,1,2,2,0.5,2,156
6582397,209,1,1,-0.5,1,1,2,-0.5,1,157
6582397,209,0,1,0.5,1,2,2,-0.5,1,157
6582397,209,1,1,-0.5,1,1,2,-0.5,2,157
6582397,209,1,1,0.5,1,2,2,-0.5,2,157
6582397,209,1,1,-0.5,1,1,2,0.5,1,157
6582397,209,0,1,0.5,1,2,2,0.5,1,157
6582397,209,1,1,-0.5,1,1,2,0.5,2,157
6582397,209,0,1,0.5,1,2,2,0.5,2,157
6583003,210,1,1,-0.5,1,1,2,-0.5,1,158
6583003,210,0,1,0.5,1,2,2,-0.5,1,158
6583003,210,1,1,-0.5,1,1,2,-0.5,2,158
6583003,210,1,1,0.5,1,2,2,-0.5,2,158
6583003,210,1,1,-0.5,1,1,2,0.5,1,158
6583003,210,0,1,0.5,1,2,2,0.5,1,158
6583003,210,0,1,-0.5,1,1,2,0.5,2,158
6583003,210,0,1,0.5,1,2,2,0.5,2,158
6583060,211,1,1,-0.5,1,1,2,-0.5,1,159
6583060,211,0,1,0.5,1,2,2,-0.5,1,159
6583060,211,0,1,-0.5,1,1,2,-0.5,2,159
6583060,211,1,1,0.5,1,2,2,-0.5,2,159
6583060,211,0,1,-0.5,1,1,2,0.5,1,159
6583060,211,0,1,0.5,1,2,2,0.5,1,159
6583060,211,1,1,-0.5,1,1,2,0.5,2,159
6583060,211,0,1,0.5,1,2,2,0.5,2,159
6583846,212,1,1,-0.5,1,1,2,-0.5,1,160
6583846,212,0,1,0.5,1,2,2,-0.5,1,160
6583846,212,0,1,-0.5,1,1,2,-0.5,2,160
6583846,212,1,1,0.5,1,2,2,-0.5,2,160
6583846,212,1,1,-0.5,1,1,2,0.5,1,160
6583846,212,0,1,0.5,1,2,2,0.5,1,160
6583846,212,1,1,-0.5,1,1,2,0.5,2,160
6583846,212,0,1,0.5,1,2,2,0.5,2,160
6576574,213,0,1,-0.5,-1,1,1,-0.5,1,161
6576574,213,1,1,0.5,-1,2,1,-0.5,1,161
6576574,213,1,1,-0.5,-1,1,1,-0.5,2,161
6576574,213,0,1,0.5,-1,2,1,-0.5,2,161
6576574,213,1,1,-0.5,-1,1,1,0.5,1,161
6576574,213,0,1,0.5,-1,2,1,0.5,1,161
6576574,213,1,1,-0.5,-1,1,1,0.5,2,161
6576574,213,0,1,0.5,-1,2,1,0.5,2,161
6576598,214,0,1,-0.5,-1,1,1,-0.5,1,162
6576598,214,1,1,0.5,-1,2,1,-0.5,1,162
6576598,214,1,1,-0.5,-1,1,1,-0.5,2,162
6576598,214,1,1,0.5,-1,2,1,-0.5,2,162
6576598,214,0,1,-0.5,-1,1,1,0.5,1,162
6576598,214,1,1,0.5,-1,2,1,0.5,1,162
6576598,214,0,1,-0.5,-1,1,1,0.5,2,162
6576598,214,1,1,0.5,-1,2,1,0.5,2,162
6576559,215,0,1,-0.5,-1,1,1,-0.5,1,163
6576559,215,1,1,0.5,-1,2,1,-0.5,1,163
6576559,215,1,1,-0.5,-1,1,1,-0.5,2,163
6576559,215,1,1,0.5,-1,2,1,-0.5,2,163
6576559,215,0,1,-0.5,-1,1,1,0.5,1,163
6576559,215,0,1,0.5,-1,2,1,0.5,1,163
6576559,215,1,1,-0.5,-1,1,1,0.5,2,163
6576559,215,0,1,0.5,-1,2,1,0.5,2,163
6577304,216,1,1,-0.5,-1,1,1,-0.5,1,164
6577304,216,1,1,0.5,-1,2,1,-0.5,1,164
6577304,216,1,1,-0.5,-1,1,1,-0.5,2,164
6577304,216,0,1,0.5,-1,2,1,-0.5,2,164
6577304,216,0,1,-0.5,-1,1,1,0.5,1,164
6577304,216,0,1,0.5,-1,2,1,0.5,1,164
6577304,216,0,1,-0.5,-1,1,1,0.5,2,164
6577304,216,0,1,0.5,-1,2,1,0.5,2,164
6577353,217,0,1,-0.5,-1,1,1,-0.5,1,165
6577353,217,1,1,0.5,-1,2,1,-0.5,1,165
6577353,217,0,1,-0.5,-1,1,1,-0.5,2,165
6577353,217,0,1,0.5,-1,2,1,-0.5,2,165
6577353,217,0,1,-0.5,-1,1,1,0.5,1,165
6577353,217,1,1,0.5,-1,2,1,0.5,1,165
6577353,217,0,1,-0.5,-1,1,1,0.5,2,165
6577353,217,1,1,0.5,-1,2,1,0.5,2,165
6577397,218,0,1,-0.5,-1,1,1,-0.5,1,166
6577397,218,1,1,0.5,-1,2,1,-0.5,1,166
6577397,218,1,1,-0.5,-1,1,1,-0.5,2,166
6577397,218,1,1,0.5,-1,2,1,-0.5,2,166
6577397,218,0,1,-0.5,-1,1,1,0.5,1,166
6577397,218,0,1,0.5,-1,2,1,0.5,1,166
6577397,218,0,1,-0.5,-1,1,1,0.5,2,166
6577397,218,1,1,0.5,-1,2,1,0.5,2,166
6577427,219,0,1,-0.5,-1,1,1,-0.5,1,167
6577427,219,1,1,0.5,-1,2,1,-0.5,1,167
6577427,219,1,1,-0.5,-1,1,1,-0.5,2,167
6577427,219,0,1,0.5,-1,2,1,-0.5,2,167
6577427,219,0,1,-0.5,-1,1,1,0.5,1,167
6577427,219,0,1,0.5,-1,2,1,0.5,1,167
6577427,219,0,1,-0.5,-1,1,1,0.5,2,167
6577427,219,1,1,0.5,-1,2,1,0.5,2,167
6581448,221,1,1,-0.5,-1,1,1,-0.5,1,168
6581448,221,0,1,0.5,-1,2,1,-0.5,1,168
6581448,221,1,1,-0.5,-1,1,1,-0.5,2,168
6581448,221,1,1,0.5,-1,2,1,-0.5,2,168
6581448,221,0,1,-0.5,-1,1,1,0.5,1,168
6581448,221,1,1,0.5,-1,2,1,0.5,1,168
6581448,221,0,1,-0.5,-1,1,1,0.5,2,168
6581448,221,0,1,0.5,-1,2,1,0.5,2,168
6581565,222,0,1,-0.5,-1,1,1,-0.5,1,169
6581565,222,1,1,0.5,-1,2,1,-0.5,1,169
6581565,222,0,1,-0.5,-1,1,1,-0.5,2,169
6581565,222,1,1,0.5,-1,2,1,-0.5,2,169
6581565,222,1,1,-0.5,-1,1,1,0.5,1,169
6581565,222,0,1,0.5,-1,2,1,0.5,1,169
6581565,222,1,1,-0.5,-1,1,1,0.5,2,169
6581565,222,0,1,0.5,-1,2,1,0.5,2,169
6582993,224,0,1,-0.5,-1,1,1,-0.5,1,170
6582993,224,1,1,0.5,-1,2,1,-0.5,1,170
6582993,224,1,1,-0.5,-1,1,1,-0.5,2,170
6582993,224,0,1,0.5,-1,2,1,-0.5,2,170
6582993,224,0,1,-0.5,-1,1,1,0.5,1,170
6582993,224,0,1,0.5,-1,2,1,0.5,1,170
6582993,224,1,1,-0.5,-1,1,1,0.5,2,170
6582993,224,0,1,0.5,-1,2,1,0.5,2,170
6583161,226,0,1,-0.5,-1,1,1,-0.5,1,171
6583161,226,1,1,0.5,-1,2,1,-0.5,1,171
6583161,226,1,1,-0.5,-1,1,1,-0.5,2,171
6583161,226,0,1,0.5,-1,2,1,-0.5,2,171
6583161,226,1,1,-0.5,-1,1,1,0.5,1,171
6583161,226,1,1,0.5,-1,2,1,0.5,1,171
6583161,226,1,1,-0.5,-1,1,1,0.5,2,171
6583161,226,0,1,0.5,-1,2,1,0.5,2,171
6576641,227,1,1,-0.5,-1,1,1,-0.5,1,172
6576641,227,1,1,0.5,-1,2,1,-0.5,1,172
6576641,227,1,1,-0.5,-1,1,1,-0.5,2,172
6576641,227,1,1,0.5,-1,2,1,-0.5,2,172
6576641,227,1,1,-0.5,-1,1,1,0.5,1,172
6576641,227,0,1,0.5,-1,2,1,0.5,1,172
6576641,227,1,1,-0.5,-1,1,1,0.5,2,172
6576641,227,0,1,0.5,-1,2,1,0.5,2,172
6576782,228,0,1,-0.5,-1,1,1,-0.5,1,173
6576782,228,1,1,0.5,-1,2,1,-0.5,1,173
6576782,228,1,1,-0.5,-1,1,1,-0.5,2,173
6576782,228,1,1,0.5,-1,2,1,-0.5,2,173
6576782,228,0,1,-0.5,-1,1,1,0.5,1,173
6576782,228,1,1,0.5,-1,2,1,0.5,1,173
6576782,228,0,1,-0.5,-1,1,1,0.5,2,173
6576782,228,1,1,0.5,-1,2,1,0.5,2,173
6577300,229,1,1,-0.5,-1,1,1,-0.5,1,174
6577300,229,1,1,0.5,-1,2,1,-0.5,1,174
6577300,229,1,1,-0.5,-1,1,1,-0.5,2,174
6577300,229,0,1,0.5,-1,2,1,-0.5,2,174
6577300,229,1,1,-0.5,-1,1,1,0.5,1,174
6577300,229,0,1,0.5,-1,2,1,0.5,1,174
6577300,229,1,1,-0.5,-1,1,1,0.5,2,174
6577300,229,0,1,0.5,-1,2,1,0.5,2,174
6577365,230,0,1,-0.5,-1,1,1,-0.5,1,175
6577365,230,0,1,0.5,-1,2,1,-0.5,1,175
6577365,230,1,1,-0.5,-1,1,1,-0.5,2,175
6577365,230,1,1,0.5,-1,2,1,-0.5,2,175
6577365,230,1,1,-0.5,-1,1,1,0.5,1,175
6577365,230,0,1,0.5,-1,2,1,0.5,1,175
6577365,230,1,1,-0.5,-1,1,1,0.5,2,175
6577365,230,0,1,0.5,-1,2,1,0.5,2,175
6577337,231,1,1,-0.5,-1,1,1,-0.5,1,176
6577337,231,1,1,0.5,-1,2,1,-0.5,1,176
6577337,231,1,1,-0.5,-1,1,1,-0.5,2,176
6577337,231,1,1,0.5,-1,2,1,-0.5,2,176
6577337,231,0,1,-0.5,-1,1,1,0.5,1,176
6577337,231,1,1,0.5,-1,2,1,0.5,1,176
6577337,231,1,1,-0.5,-1,1,1,0.5,2,176
6577337,231,1,1,0.5,-1,2,1,0.5,2,176
6577434,232,0,1,-0.5,-1,1,1,-0.5,1,177
6577434,232,0,1,0.5,-1,2,1,-0.5,1,177
6577434,232,1,1,-0.5,-1,1,1,-0.5,2,177
6577434,232,1,1,0.5,-1,2,1,-0.5,2,177
6577434,232,1,1,-0.5,-1,1,1,0.5,1,177
6577434,232,1,1,0.5,-1,2,1,0.5,1,177
6577434,232,1,1,-0.5,-1,1,1,0.5,2,177
6577434,232,1,1,0.5,-1,2,1,0.5,2,177
6578123,233,1,1,-0.5,-1,1,1,-0.5,1,178
6578123,233,1,1,0.5,-1,2,1,-0.5,1,178
6578123,233,1,1,-0.5,-1,1,1,-0.5,2,178
6578123,233,0,1,0.5,-1,2,1,-0.5,2,178
6578123,233,1,1,-0.5,-1,1,1,0.5,1,178
6578123,233,0,1,0.5,-1,2,1,0.5,1,178
6578123,233,1,1,-0.5,-1,1,1,0.5,2,178
6578123,233,1,1,0.5,-1,2,1,0.5,2,178
6581418,235,1,1,-0.5,-1,1,1,-0.5,1,179
6581418,235,0,1,0.5,-1,2,1,-0.5,1,179
6581418,235,1,1,-0.5,-1,1,1,-0.5,2,179
6581418,235,0,1,0.5,-1,2,1,-0.5,2,179
6581418,235,0,1,-0.5,-1,1,1,0.5,1,179
6581418,235,0,1,0.5,-1,2,1,0.5,1,179
6581418,235,1,1,-0.5,-1,1,1,0.5,2,179
6581418,235,1,1,0.5,-1,2,1,0.5,2,179
6582999,237,1,1,-0.5,-1,1,1,-0.5,1,180
6582999,237,0,1,0.5,-1,2,1,-0.5,1,180
6582999,237,1,1,-0.5,-1,1,1,-0.5,2,180
6582999,237,1,1,0.5,-1,2,1,-0.5,2,180
6582999,237,1,1,-0.5,-1,1,1,0.5,1,180
6582999,237,1,1,0.5,-1,2,1,0.5,1,180
6582999,237,1,1,-0.5,-1,1,1,0.5,2,180
6582999,237,1,1,0.5,-1,2,1,0.5,2,180
6583117,238,1,1,-0.5,-1,1,1,-0.5,1,181
6583117,238,0,1,0.5,-1,2,1,-0.5,1,181
6583117,238,1,1,-0.5,-1,1,1,-0.5,2,181
6583117,238,0,1,0.5,-1,2,1,-0.5,2,181
6583117,238,1,1,-0.5,-1,1,1,0.5,1,181
6583117,238,0,1,0.5,-1,2,1,0.5,1,181
6583117,238,0,1,-0.5,-1,1,1,0.5,2,181
6583117,238,1,1,0.5,-1,2,1,0.5,2,181
6583137,239,1,1,-0.5,-1,1,1,-0.5,1,182
6583137,239,1,1,0.5,-1,2,1,-0.5,1,182
6583137,239,1,1,-0.5,-1,1,1,-0.5,2,182
6583137,239,0,1,0.5,-1,2,1,-0.5,2,182
6583137,239,1,1,-0.5,-1,1,1,0.5,1,182
6583137,239,1,1,0.5,-1,2,1,0.5,1,182
6583137,239,0,1,-0.5,-1,1,1,0.5,2,182
6583137,239,0,1,0.5,-1,2,1,0.5,2,182
6583156,240,1,1,-0.5,-1,1,1,-0.5,1,183
6583156,240,0,1,0.5,-1,2,1,-0.5,1,183
6583156,240,1,1,-0.5,-1,1,1,-0.5,2,183
6583156,240,0,1,0.5,-1,2,1,-0.5,2,183
6583156,240,1,1,-0.5,-1,1,1,0.5,1,183
6583156,240,1,1,0.5,-1,2,1,0.5,1,183
6583156,240,1,1,-0.5,-1,1,1,0.5,2,183
6583156,240,1,1,0.5,-1,2,1,0.5,2,183
6583891,241,1,1,-0.5,-1,1,1,-0.5,1,184
6583891,241,1,1,0.5,-1,2,1,-0.5,1,184
6583891,241,1,1,-0.5,-1,1,1,-0.5,2,184
6583891,241,1,1,0.5,-1,2,1,-0.5,2,184
6583891,241,0,1,-0.5,-1,1,1,0.5,1,184
6583891,241,1,1,0.5,-1,2,1,0.5,1,184
6583891,241,1,1,-0.5,-1,1,1,0.5,2,184
6583891,241,0,1,0.5,-1,2,1,0.5,2,184
